ts_code,code,name,trade_date,close,open,high,low,pre_close,change,pct_chg,vol,amount,1K_amount,10K_amount,1M_amount,100M_amount,1B_amount
002474.SZ,002474,榕基软件,20200320,8.22,8.85,8.95,8.02,8.77,-0.55,-0.0627,60202826.0,503591565.11,503591.56511,50359.156511,503.59156511000003,5.035915651100001,0.50359156511
002474.SZ,002474,榕基软件,20200313,8.77,8.9,9.05,8.02,9.03,-0.26,-0.0288,84171234.0,725603738.87,725603.73887,72560.373887,725.6037388699999,7.256037388699999,0.72560373887
002474.SZ,002474,榕基软件,20200306,9.03,8.63,9.46,8.63,8.52,0.51,0.0599,101509596.0,926379578.18,926379.57818,92637.957818,926.37957818,9.263795781799999,0.9263795781799999
002474.SZ,002474,榕基软件,20200228,8.52,9.24,9.71,8.35,9.31,-0.79,-0.0849,153828800.0,1425860770.79,1425860.77079,142586.077079,1425.86077079,14.258607707900001,1.4258607707900002
002474.SZ,002474,榕基软件,20200221,9.31,8.25,9.69,8.2,8.18,1.13,0.1381,142113191.0,1265783838.69,1265783.8386900001,126578.38386900001,1265.78383869,12.6578383869,1.26578383869
002474.SZ,002474,榕基软件,20200214,8.18,8.24,8.69,8.1,8.32,-0.14,-0.0168,63790777.0,529067255.42,529067.2554200001,52906.72554200001,529.06725542,5.2906725542,0.52906725542
002474.SZ,002474,榕基软件,20200207,8.32,7.47,8.35,6.72,8.3,0.02,0.0024,65944884.0,504474132.69,504474.13269,50447.413269,504.47413269,5.0447413269,0.50447413269
002474.SZ,002474,榕基软件,20200123,8.3,8.9,8.99,8.15,8.95,-0.65,-0.0726,45567584.0,395414657.09,395414.65709,39541.465709,395.41465709,3.9541465709,0.39541465709
002474.SZ,002474,榕基软件,20200117,8.95,9.05,9.25,8.89,9.09,-0.14,-0.0154,84223373.0,764704840.37,764704.84037,76470.484037,764.70484037,7.6470484037,0.7647048403700001
002474.SZ,002474,榕基软件,20200110,9.09,8.6,9.17,8.47,8.69,0.4,0.046,98562924.0,868622910.0,868622.91,86862.291,868.6229099999999,8.686229099999998,0.8686229099999998
002474.SZ,002474,榕基软件,20200103,8.69,8.33,8.76,8.28,8.42,0.27,0.0321,42655997.0,366321341.59,366321.34158999997,36632.134158999994,366.3213415899999,3.663213415899999,0.3663213415899999
002474.SZ,002474,榕基软件,20191227,8.42,8.37,8.62,8.11,8.35,0.07,0.0084,38679291.0,323354380.87,323354.38087,32335.438087,323.35438087,3.2335438087,0.32335438087
002474.SZ,002474,榕基软件,20191220,8.35,8.4,8.71,8.35,8.39,-0.04,-0.0048,71103317.0,608374855.92,608374.85592,60837.485592,608.37485592,6.0837485592,0.60837485592
002474.SZ,002474,榕基软件,20191213,8.39,8.22,8.55,8.19,8.22,0.17,0.0207,38941842.0,326085405.85,326085.40585000004,32608.540585000002,326.08540585000003,3.2608540585,0.32608540585
002474.SZ,002474,榕基软件,20191206,8.22,8.06,8.28,8.0,8.09,0.13,0.0161,20745611.0,168796387.39,168796.38739,16879.638738999998,168.79638738999998,1.6879638738999998,0.16879638738999997
002474.SZ,002474,榕基软件,20191129,8.09,8.28,8.28,7.86,8.29,-0.2,-0.0241,28999248.0,232585325.92,232585.32591999997,23258.532591999996,232.58532591999995,2.3258532591999996,0.23258532591999997
002474.SZ,002474,榕基软件,20191122,8.29,8.13,8.63,8.1,8.23,0.06,0.0073,55211983.0,465473506.18,465473.50618,46547.350618000004,465.47350618,4.6547350618,0.46547350618000005
002474.SZ,002474,榕基软件,20191115,8.23,8.25,8.39,7.91,8.25,-0.02,-0.0024,37240655.0,304345245.3,304345.2453,30434.524530000002,304.34524530000004,3.0434524530000004,0.30434524530000007
002474.SZ,002474,榕基软件,20191108,8.25,8.39,8.61,8.04,8.36,-0.11,-0.0132,59953251.0,501467266.86,501467.26686000003,50146.726686,501.46726686,5.0146726686,0.50146726686
002474.SZ,002474,榕基软件,20191101,8.36,8.91,9.44,8.27,8.58,-0.22,-0.0256,142216262.0,1272716055.5,1272716.0555,127271.60555000001,1272.7160555,12.727160555000001,1.2727160555
002474.SZ,002474,榕基软件,20191025,8.58,8.06,8.79,7.8,8.14,0.44,0.0541,142859723.0,1210551077.59,1210551.07759,121055.10775899999,1210.55107759,12.1055107759,1.21055107759
002474.SZ,002474,榕基软件,20191018,8.14,8.22,8.91,8.06,8.15,-0.01,-0.0012,132908914.0,1134713129.21,1134713.12921,113471.31292099999,1134.7131292099998,11.347131292099998,1.13471312921
002474.SZ,002474,榕基软件,20191011,8.15,7.82,8.26,7.81,7.8,0.35,0.0449,14986312.0,120639580.95,120639.58095,12063.958095,120.63958095,1.2063958095,0.12063958095
002474.SZ,002474,榕基软件,20190930,7.8,8.02,8.09,7.8,8.01,-0.21,-0.0262,3918000.0,31025838.5,31025.8385,3102.58385,31.0258385,0.31025838499999997,0.031025838499999996
002474.SZ,002474,榕基软件,20190927,8.01,8.37,8.61,7.94,8.51,-0.5,-0.0588,32590207.0,270013106.05,270013.10605,27001.310605,270.01310605,2.7001310605,0.27001310605
002474.SZ,002474,榕基软件,20190920,8.51,8.76,8.98,8.32,8.72,-0.21,-0.0241,45270366.0,389604290.86,389604.29086,38960.429086000004,389.60429086000005,3.8960429086000006,0.38960429086000004
002474.SZ,002474,榕基软件,20190912,8.72,8.34,9.13,8.26,8.26,0.46,0.0557,78314015.0,687000269.32,687000.2693200001,68700.02693200001,687.00026932,6.8700026932,0.68700026932
002474.SZ,002474,榕基软件,20190906,8.26,7.73,8.44,7.6,7.8,0.46,0.059,68706352.0,559600157.19,559600.15719,55960.015719,559.60015719,5.5960015719000005,0.55960015719
002474.SZ,002474,榕基软件,20190830,7.8,7.4,8.33,7.34,7.58,0.22,0.029,38483381.0,300070406.91,300070.40691,30007.040691000002,300.07040691000003,3.0007040691,0.30007040691000003
002474.SZ,002474,榕基软件,20190823,7.58,7.35,7.76,7.35,7.33,0.25,0.0341,28491253.0,216803782.01,216803.78201,21680.378201,216.80378201,2.1680378201,0.21680378201
002474.SZ,002474,榕基软件,20190816,7.33,7.07,7.45,6.95,7.13,0.2,0.0281,26127647.0,189109858.45,189109.85845,18910.985845,189.10985845,1.8910985845,0.18910985845
002474.SZ,002474,榕基软件,20190809,7.13,7.44,7.62,6.85,7.49,-0.36,-0.0481,21594301.0,154813451.83,154813.45183,15481.345183000001,154.81345183000002,1.5481345183000002,0.15481345183
002474.SZ,002474,榕基软件,20190802,7.49,7.88,7.98,7.41,7.88,-0.39,-0.0495,16500528.0,127197589.44,127197.58944,12719.758944,127.19758943999999,1.2719758944,0.12719758943999998
002474.SZ,002474,榕基软件,20190726,7.88,8.06,8.09,7.6,8.04,-0.16,-0.0199,15525448.0,122050577.84,122050.57784,12205.057784,122.05057784,1.2205057784,0.12205057784
002474.SZ,002474,榕基软件,20190719,8.04,8.05,8.31,7.92,8.03,0.01,0.0012,20221456.0,164415919.4,164415.9194,16441.591940000002,164.4159194,1.644159194,0.1644159194
002474.SZ,002474,榕基软件,20190712,8.03,8.52,8.52,7.97,8.52,-0.49,-0.0575,22371460.0,181685625.7,181685.62569999998,18168.56257,181.68562569999997,1.8168562569999998,0.18168562569999996
002474.SZ,002474,榕基软件,20190705,8.52,8.75,8.95,8.42,8.59,-0.07,-0.0081,33891374.0,295462454.04,295462.45404000004,29546.245404000005,295.46245404000007,2.9546245404000007,0.29546245404000004
002474.SZ,002474,榕基软件,20190628,8.59,8.88,9.12,8.38,8.88,-0.29,-0.0327,35030190.0,304328691.02,304328.69101999997,30432.869101999997,304.32869101999995,3.0432869101999995,0.30432869101999993
002474.SZ,002474,榕基软件,20190621,8.88,8.39,8.98,8.3,8.46,0.42,0.0496,35428568.0,306900316.17,306900.31617,30690.031617,306.90031617,3.0690031617,0.30690031617
002474.SZ,002474,榕基软件,20190614,8.46,8.15,8.89,8.09,8.1,0.36,0.0444,34629247.0,296610326.24,296610.32624,29661.032624000003,296.61032624,2.9661032624,0.29661032624
002474.SZ,002474,榕基软件,20190606,8.1,8.6,8.69,8.05,8.6,-0.5,-0.0581,23322991.0,197399523.82,197399.52382,19739.952382,197.39952381999998,1.9739952382,0.19739952381999998
002474.SZ,002474,榕基软件,20190531,8.6,8.41,8.98,8.35,8.34,0.26,0.0312,49567555.0,432723233.93,432723.23393,43272.323393,432.72323393,4.3272323393,0.43272323393
002474.SZ,002474,榕基软件,20190524,8.34,8.35,9.2,8.2,8.25,0.09,0.0109,74134084.0,649238481.23,649238.48123,64923.848123,649.23848123,6.4923848123,0.64923848123
002474.SZ,002474,榕基软件,20190517,8.25,8.72,8.85,8.22,8.84,-0.59,-0.0667,48377250.0,415650832.2,415650.8322,41565.08322,415.6508322,4.1565083220000005,0.41565083220000004
002474.SZ,002474,榕基软件,20190510,8.84,9.2,9.2,7.79,9.6,-0.76,-0.0792,81764675.0,696366993.47,696366.99347,69636.699347,696.36699347,6.9636699347,0.6963669934700001
002474.SZ,002474,榕基软件,20190430,9.6,9.96,10.2,9.23,9.77,-0.17,-0.0174,43570488.0,426135836.07,426135.83607,42613.583607,426.13583607,4.2613583607,0.42613583607
002474.SZ,002474,榕基软件,20190426,9.77,11.5,11.52,9.71,11.29,-1.52,-0.1346,123727469.0,1299107809.51,1299107.80951,129910.78095100001,1299.1078095100002,12.9910780951,1.2991078095100002
002474.SZ,002474,榕基软件,20190419,11.29,10.68,11.46,9.96,10.46,0.83,0.0793,139355100.0,1497781597.18,1497781.59718,149778.159718,1497.78159718,14.9778159718,1.49778159718
002474.SZ,002474,榕基软件,20190412,10.46,10.75,10.78,10.0,10.8,-0.34,-0.0315,87973836.0,909460073.08,909460.07308,90946.007308,909.46007308,9.0946007308,0.90946007308
002474.SZ,002474,榕基软件,20190404,10.8,10.03,11.28,10.03,9.96,0.84,0.0843,126068186.0,1336615086.86,1336615.08686,133661.508686,1336.6150868599998,13.366150868599998,1.3366150868599997
002474.SZ,002474,榕基软件,20190329,9.96,10.35,10.86,9.3,10.73,-0.77,-0.0718,115093605.0,1158433071.85,1158433.07185,115843.307185,1158.43307185,11.5843307185,1.15843307185
002474.SZ,002474,榕基软件,20190322,10.73,9.32,10.99,9.32,9.26,1.47,0.1587,161948382.0,1641280169.34,1641280.16934,164128.016934,1641.2801693400002,16.412801693400002,1.6412801693400003
002474.SZ,002474,榕基软件,20190315,9.26,9.54,11.48,8.96,9.28,-0.02,-0.0022,216427927.0,2181339666.51,2181339.6665100004,218133.96665100002,2181.3396665100004,21.813396665100004,2.1813396665100004
002474.SZ,002474,榕基软件,20190308,9.28,8.0,10.19,7.82,7.85,1.43,0.1822,171569187.0,1528044172.06,1528044.17206,152804.417206,1528.0441720600002,15.280441720600002,1.5280441720600002
002474.SZ,002474,榕基软件,20190301,7.85,7.64,8.04,7.55,7.53,0.32,0.0425,80644321.0,631385137.98,631385.13798,63138.513798,631.38513798,6.3138513798,0.63138513798
002474.SZ,002474,榕基软件,20190222,7.53,7.24,7.71,7.24,7.19,0.34,0.0473,74276359.0,553802894.96,553802.8949600001,55380.289496000005,553.80289496,5.5380289496,0.55380289496
002474.SZ,002474,榕基软件,20190215,7.19,7.24,7.61,7.14,7.25,-0.06,-0.0083,90207375.0,665229461.34,665229.46134,66522.946134,665.22946134,6.6522946134,0.6652294613399999
002474.SZ,002474,榕基软件,20190201,7.25,6.9,7.31,6.68,6.86,0.39,0.0569,55275071.0,392317717.72,392317.71772,39231.771772,392.31771772,3.9231771772000004,0.39231771772
002474.SZ,002474,榕基软件,20190125,6.86,6.84,7.0,6.68,6.85,0.01,0.0015,27831772.0,190900069.05,190900.06905000002,19090.006905000002,190.90006905,1.9090006905,0.19090006905
002474.SZ,002474,榕基软件,20190118,6.85,6.65,7.47,6.59,6.66,0.19,0.0285,78755858.0,554783283.44,554783.28344,55478.328344,554.78328344,5.5478328344,0.55478328344
002474.SZ,002474,榕基软件,20190111,6.66,6.54,6.77,6.48,6.51,0.15,0.023,24372216.0,162358446.93,162358.44693,16235.844693000001,162.35844693,1.6235844693,0.16235844693
002474.SZ,002474,榕基软件,20190104,6.51,6.26,6.53,6.2,6.2,0.31,0.05,8016033.0,51037562.73,51037.56273,5103.756273,51.03756273,0.5103756273,0.05103756273
002474.SZ,002474,榕基软件,20181228,6.2,6.45,6.53,6.19,6.45,-0.25,-0.0388,13170334.0,84001053.18,84001.05318,8400.105318,84.00105318,0.8400105318,0.08400105318
002474.SZ,002474,榕基软件,20181221,6.45,6.5,6.59,6.38,6.46,-0.01,-0.0015,10688689.0,69118888.27,69118.88827,6911.888827,69.11888827,0.6911888827,0.06911888827
002474.SZ,002474,榕基软件,20181214,6.46,6.6,6.77,6.42,6.68,-0.22,-0.0329,16638306.0,110107081.11,110107.08111,11010.708111,110.10708111,1.1010708111,0.11010708111
002474.SZ,002474,榕基软件,20181207,6.68,6.64,7.15,6.58,6.47,0.21,0.0325,42388074.0,288880710.11,288880.71011,28888.071011,288.88071011,2.8888071011,0.28888071011
002474.SZ,002474,榕基软件,20181130,6.47,6.35,6.68,6.26,6.36,0.11,0.0173,22461068.0,145123392.22,145123.39222,14512.339222,145.12339222,1.4512339222,0.14512339221999998
002474.SZ,002474,榕基软件,20181123,6.36,7.09,7.09,6.34,7.05,-0.69,-0.0979,31156923.0,212367312.83,212367.31283,21236.731283,212.36731283,2.1236731283,0.21236731283000002
002474.SZ,002474,榕基软件,20181116,7.05,6.61,7.14,6.61,6.65,0.4,0.0602,41999275.0,290911700.25,290911.70025,29091.170025,290.91170024999997,2.9091170024999995,0.29091170024999996
002474.SZ,002474,榕基软件,20181109,6.65,6.69,6.79,6.48,6.72,-0.07,-0.0104,23045834.0,153827281.23,153827.28123,15382.728122999999,153.82728122999998,1.5382728122999998,0.15382728122999997
002474.SZ,002474,榕基软件,20181102,6.72,6.44,6.76,6.31,6.47,0.25,0.0386,23748174.0,156460171.05,156460.17105,15646.017105,156.46017105,1.5646017105,0.15646017105
002474.SZ,002474,榕基软件,20181026,6.47,6.46,6.74,6.3,6.35,0.12,0.0189,25163834.0,164457928.65,164457.92865000002,16445.792865000003,164.45792865000004,1.6445792865000004,0.16445792865000003
002474.SZ,002474,榕基软件,20181019,6.35,6.21,6.47,5.82,6.19,0.16,0.0258,23792403.0,148718988.62,148718.98862000002,14871.898862000002,148.71898862,1.4871898862000001,0.14871898862000002
002474.SZ,002474,榕基软件,20181012,6.19,7.3,7.34,5.87,7.44,-1.25,-0.168,22572542.0,149569444.1,149569.4441,14956.94441,149.5694441,1.495694441,0.1495694441
002474.SZ,002474,榕基软件,20180928,7.44,7.5,7.66,7.4,7.54,-0.1,-0.0133,13101522.0,98689052.39,98689.05239,9868.905239,98.68905239,0.9868905239,0.09868905239
002474.SZ,002474,榕基软件,20180921,7.54,7.5,7.64,7.26,7.53,0.01,0.0013,17792551.0,132939106.91,132939.10691,13293.910691000001,132.93910691000002,1.3293910691000002,0.13293910691000002
002474.SZ,002474,榕基软件,20180914,7.53,7.75,7.78,7.52,7.82,-0.29,-0.0371,19236340.0,146682399.02,146682.39902,14668.239902000001,146.68239902000002,1.4668239902000002,0.14668239902000002
002474.SZ,002474,榕基软件,20180907,7.82,7.8,8.11,7.51,7.8,0.02,0.0026,37673052.0,296982265.41,296982.26541000005,29698.226541000004,296.98226541,2.9698226541,0.29698226541
002474.SZ,002474,榕基软件,20180831,7.8,7.92,8.15,7.78,7.89,-0.09,-0.0114,31087594.0,249002521.41,249002.52141,24900.252140999997,249.00252140999999,2.4900252140999997,0.24900252140999996
002474.SZ,002474,榕基软件,20180824,7.89,7.5,8.12,7.45,7.59,0.3,0.0395,40652571.0,322072837.77,322072.83777,32207.283776999997,322.07283777,3.2207283777,0.32207283777
002474.SZ,002474,榕基软件,20180817,7.59,7.66,8.05,7.56,7.8,-0.21,-0.0269,33937501.0,265850488.99,265850.48899,26585.048898999998,265.85048899,2.6585048898999997,0.26585048898999997
002474.SZ,002474,榕基软件,20180810,7.8,7.35,7.95,7.28,7.38,0.42,0.0569,30558542.0,233206706.71,233206.70671,23320.670671,233.20670671,2.3320670671,0.23320670671000002
002474.SZ,002474,榕基软件,20180803,7.38,8.06,8.13,7.18,8.08,-0.7,-0.0866,27169506.0,210607273.07,210607.27307,21060.727307,210.60727307000002,2.1060727307000002,0.21060727307000002
002474.SZ,002474,榕基软件,20180727,8.08,8.06,8.64,7.97,8.05,0.03,0.0037,60048215.0,495938152.12,495938.15212,49593.815212,495.93815212000004,4.9593815212,0.49593815212000003
002474.SZ,002474,榕基软件,20180720,8.05,7.9,8.07,7.75,7.86,0.19,0.0242,38752105.0,307638100.16,307638.10016000003,30763.810016000003,307.63810016,3.0763810016,0.30763810016000004
002474.SZ,002474,榕基软件,20180713,7.86,7.81,8.03,7.38,7.78,0.08,0.0103,44995434.0,352080579.25,352080.57925,35208.057925,352.08057925,3.5208057925000005,0.35208057925
002474.SZ,002474,榕基软件,20180706,7.78,8.0,8.18,7.54,7.93,-0.15,-0.0189,56825468.0,446740584.54,446740.58454,44674.058454,446.74058454,4.4674058454,0.44674058454
002474.SZ,002474,榕基软件,20180629,7.93,7.21,7.97,6.97,7.11,0.82,0.1153,50693774.0,383415342.63,383415.34262999997,38341.534262999994,383.41534262999994,3.8341534262999994,0.38341534262999993
002474.SZ,002474,榕基软件,20180622,7.11,7.62,7.71,6.76,7.72,-0.61,-0.079,30366540.0,215304213.6,215304.2136,21530.42136,215.3042136,2.153042136,0.2153042136
002474.SZ,002474,榕基软件,20180615,7.72,8.03,8.2,7.71,8.03,-0.31,-0.0386,26869103.0,214667515.69,214667.51569,21466.751569,214.66751569,2.1466751568999998,0.21466751568999998
002474.SZ,002474,榕基软件,20180608,8.03,8.25,8.55,7.89,8.2,-0.17,-0.0207,38959819.0,322357440.71,322357.44071,32235.744071,322.35744071,3.2235744071,0.32235744071
002474.SZ,002474,榕基软件,20180601,8.2,9.0,9.0,8.14,9.03,-0.83,-0.0919,38896388.0,334137518.81,334137.51881,33413.751881,334.13751880999996,3.3413751881,0.33413751881
002474.SZ,002474,榕基软件,20180525,9.03,9.4,9.82,9.02,9.34,-0.31,-0.0332,74460838.0,711363562.43,711363.5624299999,71136.35624299999,711.3635624299999,7.113635624299999,0.7113635624299999
002474.SZ,002474,榕基软件,20180518,9.34,9.45,9.53,9.15,9.52,-0.18,-0.0189,38394898.0,358892376.46,358892.37646,35889.237646,358.89237646000004,3.5889237646000005,0.35889237646000005
002474.SZ,002474,榕基软件,20180511,9.53,9.38,9.75,9.23,9.31,0.22,0.0236,67400625.0,643109739.11,643109.73911,64310.973910999994,643.10973911,6.4310973911,0.64310973911
002474.SZ,002474,榕基软件,20180504,9.31,9.66,9.75,9.05,9.61,-0.3,-0.0312,48754853.0,461749950.83,461749.95083,46174.995083,461.74995083,4.6174995083,0.46174995083
002474.SZ,002474,榕基软件,20180427,9.61,10.48,10.5,9.41,10.26,-0.65,-0.0634,139467625.0,1391480691.93,1391480.69193,139148.069193,1391.48069193,13.914806919299998,1.3914806919299998
002474.SZ,002474,榕基软件,20180420,10.26,10.95,11.79,9.79,11.29,-1.03,-0.0912,230856387.0,2509365390.01,2509365.39001,250936.53900100003,2509.3653900100003,25.0936539001,2.50936539001
002474.SZ,002474,榕基软件,20180413,11.29,9.35,11.58,9.28,9.4,1.89,0.2011,205265124.0,2166128176.76,2166128.17676,216612.817676,2166.12817676,21.6612817676,2.16612817676
002474.SZ,002474,榕基软件,20180404,9.4,9.62,10.18,9.26,9.7,-0.3,-0.0309,80454439.0,781781314.61,781781.31461,78178.131461,781.78131461,7.8178131461,0.78178131461
002474.SZ,002474,榕基软件,20180330,9.7,7.83,9.98,7.52,8.24,1.46,0.1772,141006447.0,1300516477.5,1300516.4775,130051.64775,1300.5164775,13.005164775,1.3005164775
002474.SZ,002474,榕基软件,20180323,8.24,8.37,9.2,8.12,8.4,-0.16,-0.019,62541741.0,537103607.27,537103.60727,53710.36072700001,537.1036072700001,5.371036072700001,0.5371036072700001
002474.SZ,002474,榕基软件,20180316,8.4,8.6,8.99,8.33,8.54,-0.14,-0.0164,53978419.0,466741530.52,466741.53052,46674.153051999994,466.74153051999997,4.6674153052,0.46674153051999995
002474.SZ,002474,榕基软件,20180309,8.54,8.25,8.64,8.02,8.25,0.29,0.0352,34134898.0,284648173.6,284648.17360000004,28464.817360000005,284.64817360000006,2.8464817360000008,0.28464817360000005
002474.SZ,002474,榕基软件,20180302,8.25,7.71,8.54,7.67,7.63,0.62,0.0813,44865811.0,366747620.43,366747.62043,36674.762043,366.74762043000004,3.6674762043,0.36674762043000003
002474.SZ,002474,榕基软件,20180223,7.63,7.63,7.79,7.61,7.61,0.02,0.0026,5077219.0,39082393.12,39082.39312,3908.239312,39.08239312,0.3908239312,0.039082393119999996
002474.SZ,002474,榕基软件,20180214,7.61,7.43,7.98,7.37,7.45,0.16,0.0215,15930627.0,122881138.58,122881.13858,12288.113858,122.88113858000001,1.2288113858,0.12288113858000001
002474.SZ,002474,榕基软件,20180209,7.45,7.49,7.7,6.57,7.61,-0.16,-0.021,38162088.0,273408393.58,273408.39358,27340.839357999997,273.40839358,2.7340839357999998,0.27340839357999996
002474.SZ,002474,榕基软件,20180202,7.61,9.03,9.06,7.3,9.04,-1.43,-0.1582,31666496.0,262340239.19,262340.23919,26234.023919,262.34023919,2.6234023918999996,0.26234023918999994
002474.SZ,002474,榕基软件,20180126,9.04,9.08,9.29,8.92,9.23,-0.19,-0.0206,35108776.0,319550299.79,319550.29979,31955.029979000003,319.55029979000005,3.1955029979000007,0.31955029979000005
002474.SZ,002474,榕基软件,20180119,9.23,8.88,9.59,8.71,8.89,0.34,0.0382,60531334.0,552584473.23,552584.47323,55258.447323,552.58447323,5.5258447322999995,0.5525844732299999
002474.SZ,002474,榕基软件,20180112,8.89,8.63,9.2,8.46,8.65,0.24,0.0277,40932012.0,360680797.97,360680.79797,36068.079797,360.68079796999996,3.6068079796999997,0.36068079796999997
002474.SZ,002474,榕基软件,20180105,8.65,8.43,8.89,8.4,8.42,0.23,0.0273,17965464.0,154797452.13,154797.45213,15479.745212999998,154.79745212999998,1.5479745212999998,0.15479745212999999
002474.SZ,002474,榕基软件,20171229,8.42,8.65,8.75,8.21,8.73,-0.31,-0.0355,16904796.0,141869075.14,141869.07513999997,14186.907513999997,141.86907513999998,1.4186907513999998,0.14186907513999997
002474.SZ,002474,榕基软件,20171222,8.73,9.16,9.2,8.61,9.17,-0.44,-0.048,19880956.0,178330552.83,178330.55283,17833.055283,178.33055283000002,1.7833055283,0.17833055283000002
002474.SZ,002474,榕基软件,20171215,9.17,8.75,9.5,8.75,8.64,0.53,0.0613,29019060.0,263889052.12,263889.05212,26388.905212,263.88905212000003,2.6388905212000004,0.26388905212
002474.SZ,002474,榕基软件,20171208,8.64,9.16,9.21,8.12,9.2,-0.56,-0.0609,21369307.0,186234895.81,186234.89581000002,18623.489581,186.23489581,1.8623489581000001,0.18623489581000002
002474.SZ,002474,榕基软件,20171201,9.2,9.05,9.23,8.99,9.05,0.15,0.0166,18548828.0,168693125.6,168693.1256,16869.31256,168.69312559999997,1.6869312559999998,0.1686931256
002474.SZ,002474,榕基软件,20171124,9.05,9.3,9.54,8.86,9.26,-0.21,-0.0227,25912100.0,238889283.06,238889.28306000002,23888.928306,238.88928306000003,2.3888928306,0.23888928306
002474.SZ,002474,榕基软件,20171117,9.26,10.05,10.19,9.11,10.1,-0.84,-0.0832,27263825.0,267218003.3,267218.00330000004,26721.800330000005,267.2180033000001,2.672180033000001,0.2672180033000001
002474.SZ,002474,榕基软件,20171110,10.1,9.52,10.25,9.52,9.59,0.51,0.0532,25614053.0,253379733.93,253379.73393000002,25337.973393,253.37973393000001,2.5337973393,0.25337973393
002474.SZ,002474,榕基软件,20171103,9.59,10.15,10.25,9.5,10.18,-0.59,-0.058,24141001.0,234677205.77,234677.20577,23467.720577,234.67720577,2.3467720577,0.23467720577
002474.SZ,002474,榕基软件,20171027,10.18,10.41,10.58,10.15,10.4,-0.22,-0.0212,28556820.0,296214091.34,296214.09134,29621.409133999998,296.21409134,2.9621409134,0.29621409134
002474.SZ,002474,榕基软件,20171020,10.4,11.38,11.39,10.17,11.41,-1.01,-0.0885,41973252.0,452143769.99,452143.76999,45214.376999,452.14376999,4.5214376999,0.45214376999
002474.SZ,002474,榕基软件,20171013,11.41,11.09,11.61,10.99,10.91,0.5,0.0458,57825375.0,653575224.72,653575.22472,65357.522472000004,653.57522472,6.5357522472000005,0.6535752247200001
002474.SZ,002474,榕基软件,20170929,10.91,11.0,11.23,10.54,11.03,-0.12,-0.0109,29433269.0,319057607.92,319057.60792000004,31905.760792000005,319.05760792000007,3.190576079200001,0.3190576079200001
002474.SZ,002474,榕基软件,20170922,11.03,11.0,11.47,10.93,11.02,0.01,0.0009,42591209.0,477001151.96,477001.15196,47700.115196,477.00115196,4.770011519600001,0.47700115196000004
002474.SZ,002474,榕基软件,20170915,11.02,11.26,11.59,10.98,11.32,-0.3,-0.0265,64544945.0,727246523.45,727246.5234500001,72724.65234500001,727.24652345,7.2724652345,0.7272465234500001
002474.SZ,002474,榕基软件,20170908,11.32,10.72,11.93,10.58,10.98,0.34,0.031,120124772.0,1355553188.68,1355553.1886800001,135555.318868,1355.55318868,13.555531886799999,1.3555531886799999
002474.SZ,002474,榕基软件,20170901,10.98,10.65,10.98,10.54,10.48,0.5,0.0477,77498808.0,835688304.05,835688.3040499999,83568.83040499999,835.6883040499998,8.356883040499998,0.8356883040499998
002474.SZ,002474,榕基软件,20170825,10.48,10.53,10.69,10.11,10.51,-0.03,-0.0029,53771141.0,557959703.63,557959.70363,55795.970363,557.95970363,5.5795970363,0.55795970363
002474.SZ,002474,榕基软件,20170818,10.51,9.39,10.83,9.38,9.39,1.12,0.1193,116971307.0,1208597686.33,1208597.68633,120859.768633,1208.59768633,12.085976863299999,1.2085976863299999
002474.SZ,002474,榕基软件,20170811,9.39,9.67,9.92,9.39,9.68,-0.29,-0.03,29261095.0,284509010.39,284509.01039,28450.901039,284.50901039,2.8450901039,0.28450901039
002474.SZ,002474,榕基软件,20170804,9.68,9.64,9.81,9.51,9.67,0.01,0.001,23465566.0,227104043.6,227104.0436,22710.40436,227.1040436,2.2710404360000003,0.22710404360000003
002474.SZ,002474,榕基软件,20170728,9.67,9.55,9.84,9.32,9.55,0.12,0.0126,28094792.0,269089711.86,269089.71186000004,26908.971186000002,269.08971186,2.6908971186,0.26908971186
002474.SZ,002474,榕基软件,20170721,9.55,10.58,10.58,9.05,10.55,-1.0,-0.0948,36696416.0,352949732.13,352949.73213,35294.973213000005,352.94973213000003,3.5294973213000005,0.35294973213
002474.SZ,002474,榕基软件,20170714,10.55,11.0,11.05,10.42,11.01,-0.46,-0.0418,26218060.0,280743024.48,280743.02448,28074.302448000002,280.74302448000003,2.8074302448000004,0.28074302448000005
002474.SZ,002474,榕基软件,20170707,11.01,10.88,11.05,10.82,10.85,0.16,0.0147,34738994.0,380089574.86,380089.57486,38008.957486,380.08957485999997,3.8008957486,0.38008957486
002474.SZ,002474,榕基软件,20170630,10.85,10.63,10.93,10.5,10.59,0.26,0.0246,25215731.0,271514019.4,271514.0194,27151.40194,271.5140194,2.715140194,0.2715140194
002474.SZ,002474,榕基软件,20170623,10.59,10.93,11.16,10.4,10.9,-0.31,-0.0284,32895123.0,356752117.14,356752.11714,35675.211714,356.75211714,3.5675211714,0.35675211714
002474.SZ,002474,榕基软件,20170616,10.9,10.71,11.05,10.36,10.71,0.19,0.0177,35934064.0,387640814.72,387640.81472,38764.081472000005,387.64081472000004,3.8764081472000003,0.38764081472
002474.SZ,002474,榕基软件,20170609,10.71,10.43,10.91,10.36,10.41,0.3,0.0288,27244159.0,290569112.41,290569.11241,29056.911241,290.56911241,2.9056911241,0.29056911241
002474.SZ,002474,榕基软件,20170602,10.41,10.95,11.08,10.13,10.8,-0.39,-0.0361,15957306.0,168127579.3,168127.5793,16812.75793,168.1275793,1.6812757930000002,0.16812757930000002
002474.SZ,002474,榕基软件,20170526,10.8,11.09,11.22,10.25,11.27,-0.47,-0.0417,32274968.0,348726852.32,348726.85232,34872.685232,348.72685232000003,3.4872685232000005,0.34872685232000006
002474.SZ,002474,榕基软件,20170519,11.27,11.11,11.39,10.56,10.52,0.75,0.0713,50916669.0,560176742.59,560176.74259,56017.67425900001,560.1767425900001,5.601767425900001,0.5601767425900002
002474.SZ,002474,榕基软件,20170512,10.52,11.0,11.17,10.12,11.0,-0.48,-0.0436,27122751.0,289698770.4,289698.7704,28969.87704,289.6987704,2.896987704,0.28969877039999997
002474.SZ,002474,榕基软件,20170505,11.0,11.07,11.59,11.0,11.08,-0.08,-0.0072,24302317.0,274044040.34,274044.04033999995,27404.404033999996,274.04404034,2.7404404033999996,0.27404404033999996
002474.SZ,002474,榕基软件,20170428,11.08,11.51,11.63,10.41,11.53,-0.45,-0.039,27655780.0,305985692.71,305985.69271,30598.569270999997,305.98569270999997,3.0598569271,0.30598569271
002474.SZ,002474,榕基软件,20170421,11.53,11.89,12.05,11.46,11.9,-0.37,-0.0311,21669763.0,253453176.71,253453.17671,25345.317671,253.45317671,2.5345317671000003,0.25345317671
002474.SZ,002474,榕基软件,20170414,11.9,12.42,12.42,11.88,12.37,-0.47,-0.038,33985677.0,413178555.11,413178.55511,41317.855511,413.17855511,4.1317855511,0.41317855511
002474.SZ,002474,榕基软件,20170407,12.37,12.35,12.75,12.33,12.21,0.16,0.0131,21323431.0,267266642.67,267266.64267,26726.664266999996,267.26664266999995,2.6726664266999993,0.26726664266999994
002474.SZ,002474,榕基软件,20170331,12.21,12.8,12.87,12.1,12.85,-0.64,-0.0498,32432363.0,406990730.42,406990.73042000004,40699.073042,406.99073042000003,4.0699073042,0.40699073042
002474.SZ,002474,榕基软件,20170324,12.85,13.23,13.48,12.63,13.32,-0.47,-0.0353,44522214.0,583644655.2,583644.6552,58364.465520000005,583.6446552000001,5.836446552000001,0.5836446552000001
002474.SZ,002474,榕基软件,20170317,13.32,13.2,13.95,13.02,13.21,0.11,0.0083,47130469.0,631910836.86,631910.83686,63191.083686000005,631.91083686,6.3191083686,0.63191083686
002474.SZ,002474,榕基软件,20170310,13.21,13.1,13.66,13.06,13.1,0.11,0.0084,56242133.0,752951740.84,752951.74084,75295.174084,752.95174084,7.529517408399999,0.7529517408399999
002474.SZ,002474,榕基软件,20170303,13.1,13.15,13.35,12.89,13.18,-0.08,-0.0061,42086992.0,553909457.95,553909.4579500001,55390.94579500001,553.90945795,5.5390945795,0.55390945795
002474.SZ,002474,榕基软件,20170224,13.18,12.4,13.59,12.4,12.48,0.7,0.0561,54072721.0,705916213.96,705916.2139600001,70591.621396,705.91621396,7.059162139600001,0.70591621396
002474.SZ,002474,榕基软件,20170217,12.48,12.76,13.18,12.45,12.84,-0.36,-0.028,35797874.0,459072585.77,459072.58577,45907.258577,459.07258577,4.5907258577,0.45907258577
002474.SZ,002474,榕基软件,20170210,12.84,12.7,13.04,12.58,12.78,0.06,0.0047,31599701.0,405348037.62,405348.03762,40534.803762,405.34803762,4.0534803762000005,0.40534803762000005
002474.SZ,002474,榕基软件,20170203,12.78,12.64,13.07,12.43,12.61,0.17,0.0135,7410992.0,94479752.93,94479.75293,9447.975293,94.47975292999999,0.9447975292999999,0.09447975293
002474.SZ,002474,榕基软件,20170126,12.61,12.6,12.82,12.51,12.65,-0.04,-0.0032,19323077.0,244371712.67,244371.71266999998,24437.171266999998,244.37171266999997,2.4437171266999997,0.24437171266999996
002474.SZ,002474,榕基软件,20170120,12.65,12.62,13.1,11.39,12.64,0.01,0.0008,45810587.0,561019856.59,561019.85659,56101.985659,561.01985659,5.6101985659,0.56101985659
002474.SZ,002474,榕基软件,20170113,12.64,13.55,13.68,12.41,13.6,-0.96,-0.0706,30405673.0,404401780.8,404401.7808,40440.17808,404.4017808,4.0440178079999995,0.40440178079999994
002474.SZ,002474,榕基软件,20170106,13.6,13.57,14.08,13.56,13.56,0.04,0.0029,26626171.0,368123020.03,368123.02002999996,36812.302003,368.12302002999996,3.6812302002999995,0.36812302002999997
002474.SZ,002474,榕基软件,20161230,13.56,13.62,14.07,13.27,13.7,-0.14,-0.0102,29535666.0,405122833.03,405122.83303,40512.283303,405.12283303,4.0512283303,0.40512283302999996
002474.SZ,002474,榕基软件,20161223,13.7,13.72,13.99,13.41,13.69,0.01,0.0007,32397669.0,443737351.03,443737.35102999996,44373.735103,443.73735103,4.4373735103000005,0.44373735103000006
002474.SZ,002474,榕基软件,20161216,13.69,14.85,14.9,13.11,14.82,-1.13,-0.0762,52280164.0,712945308.68,712945.3086799999,71294.53086799999,712.9453086799999,7.129453086799999,0.71294530868
002474.SZ,002474,榕基软件,20161209,14.82,15.0,15.49,14.8,15.6,-0.78,-0.05,43557719.0,658620616.35,658620.61635,65862.061635,658.6206163500001,6.586206163500001,0.6586206163500001
002474.SZ,002474,榕基软件,20161202,15.6,16.2,16.28,15.6,16.18,-0.58,-0.0358,49550383.0,791622777.08,791622.77708,79162.27770800001,791.6227770800001,7.916227770800001,0.7916227770800001
002474.SZ,002474,榕基软件,20161125,16.18,16.77,17.2,15.59,16.84,-0.66,-0.0392,120156760.0,1994328212.5,1994328.2125,199432.82124999998,1994.3282124999998,19.943282125,1.9943282125
002474.SZ,002474,榕基软件,20161118,16.84,16.01,17.2,15.99,16.11,0.73,0.0453,143084462.0,2399823117.35,2399823.11735,239982.311735,2399.82311735,23.9982311735,2.39982311735
002474.SZ,002474,榕基软件,20161111,16.11,15.83,16.5,15.7,15.96,0.15,0.0094,76135508.0,1227291203.67,1227291.2036700002,122729.12036700002,1227.2912036700002,12.272912036700001,1.22729120367
002474.SZ,002474,榕基软件,20161104,15.96,16.0,16.23,15.65,16.2,-0.24,-0.0148,63111264.0,1009455339.71,1009455.3397100001,100945.53397100001,1009.4553397100001,10.0945533971,1.0094553397100001
002474.SZ,002474,榕基软件,20161028,16.2,16.7,17.36,16.2,16.81,-0.61,-0.0363,89638951.0,1499285814.59,1499285.8145899998,149928.58145899998,1499.2858145899997,14.992858145899998,1.4992858145899999
002474.SZ,002474,榕基软件,20161021,16.81,17.2,17.85,16.35,17.18,-0.37,-0.0215,127598605.0,2167755365.66,2167755.3656599997,216775.53656599997,2167.75536566,21.677553656599997,2.1677553656599997
002474.SZ,002474,榕基软件,20161014,17.18,15.75,17.35,15.75,15.56,1.62,0.1041,140380159.0,2346514291.02,2346514.29102,234651.429102,2346.5142910199997,23.465142910199997,2.3465142910199996
002474.SZ,002474,榕基软件,20160930,15.56,16.84,16.84,15.5,17.05,-1.49,-0.0874,79827818.0,1269271447.31,1269271.44731,126927.144731,1269.27144731,12.6927144731,1.26927144731
002474.SZ,002474,榕基软件,20160923,17.05,16.3,17.38,16.3,16.3,0.75,0.046,120423443.0,2038959337.42,2038959.33742,203895.933742,2038.9593374199999,20.3895933742,2.03895933742
002474.SZ,002474,榕基软件,20160914,16.3,16.7,16.96,16.3,17.12,-0.82,-0.0479,74640752.0,1245729283.96,1245729.2839600001,124572.92839600002,1245.7292839600002,12.457292839600003,1.2457292839600003
002474.SZ,002474,榕基软件,20160909,17.12,17.22,19.2,17.01,17.45,-0.33,-0.0189,285291593.0,5056825237.71,5056825.23771,505682.523771,5056.82523771,50.568252377099995,5.056825237709999
002474.SZ,002474,榕基软件,20160902,17.45,15.17,17.99,15.17,15.28,2.17,0.142,164761525.0,2781696619.37,2781696.61937,278169.661937,2781.69661937,27.8169661937,2.78169661937
002474.SZ,002474,榕基软件,20160826,15.28,15.82,15.98,14.9,15.89,-0.61,-0.0384,77516431.0,1199212338.01,1199212.33801,119921.23380100001,1199.2123380100002,11.992123380100002,1.1992123380100002
002474.SZ,002474,榕基软件,20160819,15.89,16.16,16.79,15.82,16.19,-0.3,-0.0185,144434223.0,2355534936.69,2355534.93669,235553.493669,2355.53493669,23.5553493669,2.35553493669
002474.SZ,002474,榕基软件,20160812,16.19,15.2,16.3,15.11,15.4,0.79,0.0513,115677710.0,1820263280.04,1820263.2800399999,182026.32800399998,1820.2632800399997,18.202632800399996,1.8202632800399996
002474.SZ,002474,榕基软件,20160805,15.4,15.04,15.98,14.78,15.2,0.2,0.0132,120492726.0,1863301175.46,1863301.17546,186330.117546,1863.30117546,18.6330117546,1.8633011754599997
002474.SZ,002474,榕基软件,20160729,15.2,16.5,16.75,14.8,16.5,-1.3,-0.0788,143241513.0,2267891919.25,2267891.91925,226789.191925,2267.89191925,22.678919192499997,2.2678919192499998
002474.SZ,002474,榕基软件,20160722,16.5,17.43,18.4,16.33,17.57,-1.07,-0.0609,228882943.0,4045059473.26,4045059.4732600003,404505.947326,4045.0594732600002,40.4505947326,4.04505947326
002474.SZ,002474,榕基软件,20160715,17.57,17.79,18.51,17.45,18.14,-0.57,-0.0314,242384165.0,4360705768.47,4360705.7684700005,436070.57684700005,4360.70576847,43.6070576847,4.36070576847
002474.SZ,002474,榕基软件,20160708,18.14,18.43,18.94,17.8,18.56,-0.42,-0.0226,396888328.0,7303932308.36,7303932.308359999,730393.230836,7303.932308359999,73.0393230836,7.303932308359999
002474.SZ,002474,榕基软件,20160701,18.56,14.8,19.8,14.8,14.75,3.81,0.2583,520514306.0,9340799950.02,9340799.95002,934079.995002,9340.79995002,93.4079995002,9.340799950020001
002474.SZ,002474,榕基软件,20160624,14.75,12.19,15.33,12.09,12.24,2.51,0.2051,190818245.0,2661947601.33,2661947.60133,266194.760133,2661.9476013299995,26.619476013299995,2.6619476013299996
002474.SZ,002474,榕基软件,20160617,12.24,12.78,12.79,11.75,12.95,-0.71,-0.0548,66513150.0,815905105.86,815905.10586,81590.510586,815.90510586,8.159051058600001,0.8159051058600001
002474.SZ,002474,榕基软件,20160608,12.95,12.95,13.13,12.76,13.0,-0.05,-0.0038,36541795.0,472647207.75,472647.20775,47264.720775,472.64720775,4.7264720775,0.47264720775
002474.SZ,002474,榕基软件,20160603,13.0,12.14,13.13,11.92,12.19,0.81,0.0664,87914622.0,1121348237.81,1121348.2378099998,112134.82378099998,1121.3482378099998,11.213482378099998,1.12134823781
002474.SZ,002474,榕基软件,20160527,12.19,12.17,12.44,11.78,12.13,0.06,0.0049,63461360.0,771868472.31,771868.47231,77186.84723099999,771.8684723099999,7.718684723099999,0.7718684723099999
002474.SZ,002474,榕基软件,20160520,12.13,11.9,12.45,11.5,11.89,0.24,0.0202,60903860.0,732268991.18,732268.9911799999,73226.89911799999,732.2689911799998,7.322689911799999,0.7322689911799999
002474.SZ,002474,榕基软件,20160513,11.89,12.89,12.89,11.5,12.96,-1.07,-0.0826,59446050.0,721013397.57,721013.39757,72101.33975700001,721.01339757,7.210133975700001,0.72101339757
002474.SZ,002474,榕基软件,20160506,12.96,13.29,13.95,12.95,13.2,-0.24,-0.0182,77137371.0,1048337502.49,1048337.50249,104833.750249,1048.3375024900001,10.4833750249,1.0483375024900001
002474.SZ,002474,榕基软件,20160429,13.2,13.15,13.51,12.7,13.23,-0.03,-0.0023,67874268.0,895246757.7,895246.7577000001,89524.67577,895.2467577,8.952467577,0.8952467577000001
002474.SZ,002474,榕基软件,20160422,13.23,14.9,15.18,12.73,15.08,-1.85,-0.1227,117447336.0,1648643819.53,1648643.81953,164864.381953,1648.64381953,16.4864381953,1.64864381953
002474.SZ,002474,榕基软件,20160415,15.08,14.5,15.48,14.4,14.34,0.74,0.0516,171998754.0,2581904587.4,2581904.5874,258190.45874,2581.9045874,25.819045873999997,2.5819045873999995
002474.SZ,002474,榕基软件,20160408,14.34,13.82,15.15,13.77,13.87,0.47,0.0339,133816631.0,1946545572.59,1946545.57259,194654.557259,1946.54557259,19.4654557259,1.94654557259
002474.SZ,002474,榕基软件,20160401,13.87,14.12,14.38,13.25,13.99,-0.12,-0.0086,125587032.0,1747857574.14,1747857.5741400002,174785.75741400002,1747.8575741400002,17.478575741400004,1.7478575741400004
002474.SZ,002474,榕基软件,20160325,13.99,13.98,14.87,13.7,13.79,0.2,0.0145,186560207.0,2648902803.43,2648902.80343,264890.28034299996,2648.9028034299995,26.489028034299995,2.6489028034299995
002474.SZ,002474,榕基软件,20160318,13.79,12.08,14.1,12.06,11.89,1.9,0.1598,160994535.0,2082441245.57,2082441.24557,208244.124557,2082.44124557,20.8244124557,2.08244124557
002474.SZ,002474,榕基软件,20160311,11.89,11.98,12.49,11.34,11.73,0.16,0.0136,93725014.0,1127001239.34,1127001.2393399999,112700.12393399999,1127.00123934,11.2700123934,1.12700123934
002474.SZ,002474,榕基软件,20160304,11.73,12.7,13.36,10.96,12.77,-1.04,-0.0814,146662239.0,1773098774.31,1773098.77431,177309.877431,1773.09877431,17.7309877431,1.7730987743099997
002474.SZ,002474,榕基软件,20160226,12.77,15.31,15.44,12.35,15.01,-2.24,-0.1492,140208076.0,1998973662.72,1998973.6627200001,199897.366272,1998.9736627200002,19.989736627200003,1.9989736627200003
002474.SZ,002474,榕基软件,20160219,15.01,12.9,15.17,12.71,13.65,1.36,0.0996,115366054.0,1679958746.46,1679958.74646,167995.874646,1679.9587464600002,16.799587464600002,1.67995874646
002474.SZ,002474,榕基软件,20160205,13.65,13.4,14.34,12.81,13.45,0.2,0.0149,115648312.0,1586988701.35,1586988.70135,158698.870135,1586.9887013500002,15.869887013500001,1.5869887013500001
002474.SZ,002474,榕基软件,20160129,13.45,15.28,15.34,11.9,14.91,-1.46,-0.0979,124913103.0,1666384955.63,1666384.9556300002,166638.49556300003,1666.3849556300004,16.663849556300004,1.6663849556300003
002474.SZ,002474,榕基软件,20160122,14.91,14.68,16.6,14.01,15.13,-0.22,-0.0145,139808451.0,2188754673.5,2188754.6735,218875.46735,2188.7546735,21.887546735,2.1887546735
002474.SZ,002474,榕基软件,20160115,15.13,16.46,16.96,13.2,17.26,-2.13,-0.1234,163478141.0,2507821096.92,2507821.09692,250782.109692,2507.82109692,25.0782109692,2.50782109692
002474.SZ,002474,榕基软件,20160108,17.26,23.98,24.3,16.29,23.95,-6.69,-0.2793,121793492.0,2379706200.48,2379706.20048,237970.620048,2379.70620048,23.7970620048,2.3797062004800003
002474.SZ,002474,榕基软件,20151231,23.95,25.9,26.73,23.38,26.0,-2.05,-0.0788,103545268.0,2586439731.67,2586439.73167,258643.97316700002,2586.43973167,25.8643973167,2.58643973167
002474.SZ,002474,榕基软件,20151225,26.0,24.5,27.48,23.9,24.5,1.5,0.0612,160394486.0,4137428610.88,4137428.61088,413742.861088,4137.42861088,41.3742861088,4.13742861088
002474.SZ,002474,榕基软件,20151218,24.5,22.18,25.5,21.68,22.54,1.96,0.087,141767826.0,3439595802.08,3439595.80208,343959.58020799997,3439.59580208,34.3959580208,3.4395958020800004
002474.SZ,002474,榕基软件,20151211,22.54,23.8,26.5,22.3,24.52,-1.98,-0.0808,247965345.0,6130019327.19,6130019.32719,613001.9327189999,6130.019327189999,61.300193271899985,6.1300193271899985
002474.SZ,002474,榕基软件,20151204,24.52,22.0,26.0,20.2,21.3,3.22,0.1512,293181239.0,6841986493.61,6841986.493609999,684198.6493609999,6841.986493609999,68.4198649361,6.841986493609999
002474.SZ,002474,榕基软件,20151127,21.3,19.8,23.47,19.08,20.0,1.3,0.065,223124718.0,4756118938.61,4756118.93861,475611.89386099996,4756.1189386099995,47.5611893861,4.756118938609999
002474.SZ,002474,榕基软件,20151120,20.0,17.0,21.07,16.91,17.21,2.79,0.1621,260697936.0,5073963303.8,5073963.3038,507396.33038,5073.9633038,50.739633038,5.0739633038
002474.SZ,002474,榕基软件,20151113,17.21,17.15,18.77,16.73,17.35,-0.14,-0.0081,194975929.0,3477489344.1,3477489.3441,347748.93441,3477.4893441,34.774893440999996,3.4774893440999994
002474.SZ,002474,榕基软件,20151106,17.35,16.16,17.71,15.72,16.82,0.53,0.0315,159636477.0,2688810629.7,2688810.6297,268881.06296999997,2688.8106296999995,26.888106296999993,2.6888106296999994
002474.SZ,002474,榕基软件,20151030,16.82,16.55,17.99,16.0,16.3,0.52,0.0319,216555232.0,3727959250.4,3727959.2504000003,372795.92504,3727.9592504,37.279592504,3.7279592504
002474.SZ,002474,榕基软件,20151023,16.3,16.21,17.18,14.84,16.19,0.11,0.0068,219393795.0,3538482183.71,3538482.18371,353848.218371,3538.4821837100003,35.384821837100006,3.5384821837100007
002474.SZ,002474,榕基软件,20151016,16.19,13.89,16.64,13.89,12.63,3.56,0.2819,262033603.0,4104532068.75,4104532.06875,410453.20687500003,4104.532068750001,41.04532068750001,4.104532068750001
002474.SZ,002474,榕基软件,20151009,12.63,12.63,12.63,12.63,11.48,1.15,0.1002,4931867.0,62289480.21,62289.48021,6228.948021,62.28948021,0.6228948021,0.062289480210000005
002474.SZ,002474,榕基软件,20150710,11.48,15.59,15.59,11.48,14.17,-2.69,-0.1898,42135228.0,558325931.43,558325.93143,55832.593143,558.32593143,5.583259314299999,0.55832593143
002474.SZ,002474,榕基软件,20150703,14.17,21.19,21.38,14.17,20.41,-6.24,-0.3057,132542666.0,2300074294.21,2300074.29421,230007.429421,2300.07429421,23.0007429421,2.30007429421
002474.SZ,002474,榕基软件,20150626,20.41,22.34,24.4,20.07,22.07,-1.66,-0.0752,87386850.0,1981187255.07,1981187.25507,198118.725507,1981.18725507,19.8118725507,1.9811872550699998
002474.SZ,002474,榕基软件,20150619,22.07,27.08,27.2,21.92,27.08,-5.01,-0.185,140260349.0,3424051354.65,3424051.35465,342405.135465,3424.05135465,34.240513546500004,3.4240513546500004
002474.SZ,002474,榕基软件,20150612,27.08,28.27,28.29,26.36,28.26,-1.18,-0.0418,132363578.0,3603460650.24,3603460.65024,360346.065024,3603.46065024,36.0346065024,3.60346065024
002474.SZ,002474,榕基软件,20150605,28.26,26.02,30.5,26.02,26.02,2.24,0.0861,198039870.0,5676147136.55,5676147.13655,567614.713655,5676.14713655,56.7614713655,5.67614713655
002474.SZ,002474,榕基软件,20150529,26.02,26.5,29.79,24.0,27.37,-1.35,-0.0493,215865286.0,5944692548.09,5944692.54809,594469.254809,5944.692548089999,59.44692548089999,5.944692548089999
002474.SZ,002474,榕基软件,20150522,27.37,23.01,28.66,22.69,22.87,4.5,0.1968,240736056.0,6029698988.52,6029698.98852,602969.898852,6029.69898852,60.2969898852,6.02969898852
002474.SZ,002474,榕基软件,20150515,22.87,21.67,23.5,20.85,20.79,2.08,0.1,325925424.0,7201946162.5,7201946.1625,720194.61625,7201.946162499999,72.01946162499999,7.201946162499999
002474.SZ,002474,榕基软件,20150508,20.79,18.45,20.79,16.99,18.11,2.68,0.148,264282030.0,4970287907.42,4970287.90742,497028.790742,4970.28790742,49.7028790742,4.9702879074199995
002474.SZ,002474,榕基软件,20150430,18.11,18.58,18.78,16.68,18.25,-0.14,-0.0077,147806025.0,2644170764.33,2644170.76433,264417.07643300004,2644.1707643300006,26.441707643300006,2.6441707643300005
002474.SZ,002474,榕基软件,20150424,18.25,16.6,18.68,15.73,16.64,1.61,0.0968,180674895.0,3105173409.93,3105173.4099299996,310517.34099299996,3105.1734099299997,31.051734099299996,3.1051734099299995
002474.SZ,002474,榕基软件,20150417,16.64,17.36,17.99,15.3,17.48,-0.84,-0.0481,148199235.0,2524868530.8,2524868.5308000003,252486.85308000003,2524.8685308000004,25.248685308000002,2.5248685308
002474.SZ,002474,榕基软件,20150410,17.48,18.3,18.45,16.19,18.27,-0.79,-0.0432,163454557.0,2881211563.71,2881211.56371,288121.156371,2881.21156371,28.8121156371,2.88121156371
002474.SZ,002474,榕基软件,20150403,18.27,17.0,18.8,16.83,17.13,1.14,0.0665,224323153.0,4004418846.21,4004418.84621,400441.88462100003,4004.4188462100005,40.0441884621,4.00441884621
002474.SZ,002474,榕基软件,20150327,17.13,15.62,19.45,15.41,15.6,1.53,0.0981,345810990.0,6004220680.09,6004220.68009,600422.068009,6004.22068009,60.042206800900004,6.00422068009
002474.SZ,002474,榕基软件,20150320,15.6,14.82,16.1,14.56,14.66,0.94,0.0641,264942370.0,4054916385.09,4054916.38509,405491.638509,4054.91638509,40.5491638509,4.05491638509
002474.SZ,002474,榕基软件,20150313,14.66,13.78,14.93,13.66,13.77,0.89,0.0646,156755003.0,2240388074.58,2240388.07458,224038.80745799997,2240.3880745799997,22.4038807458,2.2403880745799998
002474.SZ,002474,榕基软件,20150306,13.77,14.05,15.53,13.75,14.04,-0.27,-0.0192,260174525.0,3800732132.15,3800732.13215,380073.213215,3800.73213215,38.0073213215,3.8007321321500003
002474.SZ,002474,榕基软件,20150227,14.04,13.81,14.85,13.7,13.82,0.22,0.0159,173955313.0,2470919224.68,2470919.22468,247091.922468,2470.91922468,24.709192246799997,2.47091922468
002474.SZ,002474,榕基软件,20150217,13.82,13.49,14.5,13.39,13.42,0.4,0.0298,117340831.0,1631936564.05,1631936.56405,163193.656405,1631.9365640499998,16.3193656405,1.6319365640499999
002474.SZ,002474,榕基软件,20150213,13.42,12.5,13.42,12.05,12.6,0.82,0.0651,220964113.0,2860461246.48,2860461.24648,286046.124648,2860.4612464799998,28.6046124648,2.86046124648
002474.SZ,002474,榕基软件,20150206,12.6,11.93,13.46,11.78,11.92,0.68,0.057,232854407.0,2969089559.95,2969089.5599499997,296908.95599499997,2969.0895599499995,29.690895599499996,2.9690895599499996
002474.SZ,002474,榕基软件,20150130,11.92,12.23,13.28,11.91,12.13,-0.21,-0.0173,208667057.0,2627925651.13,2627925.65113,262792.565113,2627.92565113,26.2792565113,2.62792565113
002474.SZ,002474,榕基软件,20150123,12.13,11.6,12.78,11.44,11.99,0.14,0.0117,272123933.0,3372939918.81,3372939.9188099997,337293.991881,3372.93991881,33.729399188100004,3.37293991881
002474.SZ,002474,榕基软件,20150116,11.99,10.78,12.24,10.59,10.84,1.15,0.1061,252399461.0,2961211352.41,2961211.35241,296121.135241,2961.21135241,29.6121135241,2.96121135241
002474.SZ,002474,榕基软件,20150109,10.84,10.7,11.19,10.3,10.53,0.31,0.0294,111715451.0,1216228014.35,1216228.0143499998,121622.80143499999,1216.22801435,12.1622801435,1.21622801435
002474.SZ,002474,榕基软件,20141231,10.53,10.95,11.19,10.2,11.0,-0.47,-0.0427,74599263.0,793810692.47,793810.69247,79381.069247,793.81069247,7.9381069247000005,0.79381069247
002474.SZ,002474,榕基软件,20141226,11.0,11.47,11.48,10.41,11.46,-0.46,-0.0401,86504870.0,937158190.69,937158.1906900001,93715.819069,937.1581906900001,9.371581906900001,0.9371581906900002
002474.SZ,002474,榕基软件,20141219,11.46,12.06,12.5,11.23,12.08,-0.62,-0.0513,102719496.0,1228523347.01,1228523.34701,122852.33470099999,1228.52334701,12.2852334701,1.2285233470099999
002474.SZ,002474,榕基软件,20141212,12.08,12.23,12.49,10.98,12.57,-0.49,-0.039,154453235.0,1831243036.14,1831243.0361400002,183124.30361400003,1831.2430361400004,18.312430361400004,1.8312430361400005
002474.SZ,002474,榕基软件,20141205,12.57,12.71,13.77,12.0,12.72,-0.15,-0.0118,241210261.0,3091277736.17,3091277.73617,309127.77361699997,3091.2777361699996,30.912777361699995,3.0912777361699995
002474.SZ,002474,榕基软件,20141128,12.72,12.1,12.93,11.81,12.07,0.65,0.0539,177350379.0,2202041018.73,2202041.01873,220204.101873,2202.04101873,22.020410187299998,2.2020410187299997
002474.SZ,002474,榕基软件,20141121,12.07,11.54,12.7,11.37,11.46,0.61,0.0532,139775013.0,1696482311.9,1696482.3119,169648.23119000002,1696.4823119000002,16.964823119000002,1.6964823119
002474.SZ,002474,榕基软件,20141114,11.46,12.43,12.6,11.18,12.48,-1.02,-0.0817,128474810.0,1515758318.36,1515758.31836,151575.831836,1515.75831836,15.1575831836,1.51575831836
002474.SZ,002474,榕基软件,20141107,12.48,13.05,13.49,12.11,13.11,-0.63,-0.0481,214578472.0,2749171504.7,2749171.5047,274917.15047,2749.1715047,27.491715047,2.7491715047
002474.SZ,002474,榕基软件,20141031,13.11,12.49,14.85,12.03,12.77,0.34,0.0266,359969392.0,4813630536.7,4813630.5367,481363.05367,4813.6305366999995,48.136305367,4.8136305367
002474.SZ,002474,榕基软件,20141024,12.77,13.48,13.86,12.17,13.23,-0.46,-0.0348,397494208.0,5161050130.58,5161050.13058,516105.01305799995,5161.05013058,51.6105013058,5.16105013058
002474.SZ,002474,榕基软件,20141017,13.23,13.41,14.35,12.72,13.28,-0.05,-0.0038,489770186.0,6629365609.15,6629365.60915,662936.560915,6629.365609150001,66.29365609150001,6.6293656091500015
002474.SZ,002474,榕基软件,20141010,13.28,12.14,13.67,12.14,11.04,2.24,0.2029,342565781.0,4501330748.19,4501330.74819,450133.074819,4501.33074819,45.0133074819,4.50133074819
002474.SZ,002474,榕基软件,20140930,11.04,9.28,11.04,9.22,9.13,1.91,0.2092,214918490.0,2207866393.24,2207866.3932399997,220786.63932399996,2207.8663932399995,22.078663932399994,2.2078663932399993
002474.SZ,002474,榕基软件,20140926,9.13,9.04,9.29,8.74,9.04,0.09,0.01,105706441.0,953502669.4,953502.6694,95350.26694,953.5026694000001,9.535026694,0.9535026694000001
002474.SZ,002474,榕基软件,20140919,9.04,9.54,9.68,8.67,9.5,-0.46,-0.0484,102529961.0,940935133.16,940935.13316,94093.513316,940.93513316,9.4093513316,0.94093513316
002474.SZ,002474,榕基软件,20140912,9.5,9.28,9.56,9.14,9.3,0.2,0.0215,97778556.0,915963817.88,915963.81788,91596.381788,915.96381788,9.1596381788,0.91596381788
002474.SZ,002474,榕基软件,20140905,9.3,8.99,9.55,8.99,8.99,0.31,0.0345,130296234.0,1216298631.06,1216298.63106,121629.863106,1216.29863106,12.1629863106,1.21629863106
002474.SZ,002474,榕基软件,20140829,8.99,9.25,9.39,8.7,9.27,-0.28,-0.0302,90499196.0,815300206.61,815300.20661,81530.020661,815.30020661,8.153002066100001,0.8153002066100001
002474.SZ,002474,榕基软件,20140822,9.27,8.63,9.71,8.6,8.68,0.59,0.068,229236341.0,2122424385.4,2122424.3854,212242.43854,2122.4243854,21.224243854,2.1224243854
002474.SZ,002474,榕基软件,20140815,8.68,8.36,8.85,8.25,8.32,0.36,0.0433,143853367.0,1222028162.48,1222028.16248,122202.81624799999,1222.02816248,12.2202816248,1.22202816248
002474.SZ,002474,榕基软件,20140808,8.32,8.2,8.4,8.13,8.18,0.14,0.0171,82088853.0,678949690.36,678949.69036,67894.969036,678.94969036,6.7894969036,0.67894969036
002474.SZ,002474,榕基软件,20140801,8.18,7.88,8.68,7.8,7.87,0.31,0.0394,137513983.0,1134963814.94,1134963.81494,113496.381494,1134.96381494,11.3496381494,1.13496381494
002474.SZ,002474,榕基软件,20140725,7.87,7.8,7.98,7.27,7.81,0.06,0.0077,66619326.0,507831889.84,507831.88983999996,50783.18898399999,507.8318898399999,5.078318898399999,0.5078318898399999
002474.SZ,002474,榕基软件,20140718,7.81,8.08,8.25,7.8,8.08,-0.27,-0.0334,65466441.0,524400097.0,524400.097,52440.009699999995,524.400097,5.244000969999999,0.5244000969999999
002474.SZ,002474,榕基软件,20140711,8.08,8.57,8.64,7.94,8.57,-0.49,-0.0572,104168142.0,868524984.0,868524.984,86852.49840000001,868.5249840000001,8.68524984,0.8685249840000001
002474.SZ,002474,榕基软件,20140704,8.57,8.67,8.78,8.35,8.67,-0.1,-0.0115,126897146.0,1084559024.0,1084559.024,108455.90239999999,1084.559024,10.84559024,1.084559024
002474.SZ,002474,榕基软件,20140627,8.67,8.3,8.93,8.25,8.34,0.33,0.0396,176441638.0,1516854624.0,1516854.624,151685.46240000002,1516.8546240000003,15.168546240000003,1.5168546240000003
002474.SZ,002474,榕基软件,20140620,8.34,8.19,9.37,7.95,8.3,0.04,0.0048,313035672.0,2701557438.0,2701557.438,270155.7438,2701.557438,27.015574379999997,2.7015574379999996
002474.SZ,002474,榕基软件,20140613,8.3,7.15,8.74,7.02,7.21,1.09,0.1512,296784908.0,2388899458.0,2388899.458,238889.94580000002,2388.8994580000003,23.888994580000002,2.388899458
002474.SZ,002474,榕基软件,20140606,7.21,7.5,7.5,7.13,7.5,-0.29,-0.0387,78640490.0,573337040.0,573337.04,57333.704000000005,573.33704,5.7333704,0.57333704
002474.SZ,002474,榕基软件,20140530,7.5,7.07,7.84,6.92,7.12,0.38,0.0534,180427430.0,1339327712.0,1339327.712,133932.77120000002,1339.3277120000002,13.393277120000002,1.3393277120000002
002474.SZ,002474,榕基软件,20140523,7.12,6.25,7.21,6.21,6.26,0.86,0.1374,91897178.0,618078304.0,618078.304,61807.8304,618.078304,6.18078304,0.618078304
002474.SZ,002474,榕基软件,20140516,6.26,6.15,6.65,6.15,6.1,0.16,0.0262,45579803.0,290627816.0,290627.816,29062.7816,290.627816,2.90627816,0.290627816
002474.SZ,002474,榕基软件,20140509,6.1,12.62,13.17,5.98,12.62,-6.52,-0.5166,33096251.0,282575860.0,282575.86,28257.586,282.57586,2.8257586,0.28257586
002474.SZ,002474,榕基软件,20140430,12.62,12.33,12.71,11.72,12.32,0.3,0.0244,12372367.0,151047956.0,151047.956,15104.795600000001,151.047956,1.51047956,0.151047956
002474.SZ,002474,榕基软件,20140425,12.32,14.05,14.44,12.29,14.24,-1.92,-0.1348,31663676.0,418790152.0,418790.152,41879.0152,418.79015200000003,4.1879015200000005,0.418790152
002474.SZ,002474,榕基软件,20140418,14.24,14.0,14.35,13.97,14.03,0.21,0.015,19502029.0,275921796.0,275921.796,27592.179599999996,275.921796,2.7592179599999995,0.27592179599999994
002474.SZ,002474,榕基软件,20140411,14.03,14.45,14.96,13.87,14.61,-0.58,-0.0397,33888084.0,490954576.0,490954.576,49095.4576,490.95457600000003,4.90954576,0.49095457600000003
002474.SZ,002474,榕基软件,20140404,14.61,13.82,14.76,13.34,13.92,0.69,0.0496,38837924.0,548839024.0,548839.024,54883.9024,548.839024,5.48839024,0.5488390240000001
002474.SZ,002474,榕基软件,20140328,13.92,13.1,14.8,12.93,13.15,0.77,0.0586,50551709.0,702913620.0,702913.62,70291.362,702.9136199999999,7.029136199999999,0.7029136199999999
002474.SZ,002474,榕基软件,20140321,13.15,13.17,13.92,12.41,13.18,-0.03,-0.0023,25130002.0,334294520.0,334294.52,33429.452000000005,334.29452000000003,3.3429452000000004,0.33429452000000004
002474.SZ,002474,榕基软件,20140314,13.18,14.05,14.05,12.41,14.17,-0.99,-0.0699,25192821.0,330779692.0,330779.692,33077.9692,330.779692,3.30779692,0.330779692
002474.SZ,002474,榕基软件,20140307,14.17,14.5,15.05,13.78,14.43,-0.26,-0.018,45781637.0,660550672.0,660550.672,66055.0672,660.5506720000001,6.605506720000001,0.6605506720000001
002474.SZ,002474,榕基软件,20140228,14.43,13.98,15.28,12.66,14.08,0.35,0.0249,66808298.0,943649736.0,943649.736,94364.9736,943.649736,9.436497359999999,0.9436497359999999
002474.SZ,002474,榕基软件,20140221,14.08,15.24,15.74,13.88,15.24,-1.16,-0.0761,57156968.0,846383376.0,846383.376,84638.3376,846.383376,8.46383376,0.846383376
002474.SZ,002474,榕基软件,20140214,15.24,14.1,16.04,14.07,13.86,1.38,0.0996,68592737.0,1038638800.0,1038638.8,103863.88,1038.6388,10.386388,1.0386388
002474.SZ,002474,榕基软件,20140207,13.86,13.21,13.86,13.15,13.52,0.34,0.0251,9052735.0,122785672.0,122785.672,12278.567200000001,122.78567200000002,1.2278567200000001,0.12278567200000001
002474.SZ,002474,榕基软件,20140130,13.52,13.36,14.1,13.09,13.58,-0.06,-0.0044,40083095.0,545168976.0,545168.976,54516.897600000004,545.168976,5.451689760000001,0.545168976
002474.SZ,002474,榕基软件,20140124,13.58,12.81,13.95,12.38,12.8,0.78,0.0609,66314623.0,864148288.0,864148.288,86414.82879999999,864.1482879999999,8.641482879999998,0.8641482879999998
002474.SZ,002474,榕基软件,20140117,12.8,11.99,12.95,11.7,11.97,0.83,0.0693,54162031.0,673152664.0,673152.664,67315.2664,673.152664,6.731526639999999,0.673152664
002474.SZ,002474,榕基软件,20140110,11.97,11.38,12.42,10.84,11.49,0.48,0.0418,65036683.0,772074856.0,772074.856,77207.4856,772.074856,7.72074856,0.7720748559999999
002474.SZ,002474,榕基软件,20140103,11.49,11.3,11.55,10.9,11.17,0.32,0.0286,38533846.0,433632872.0,433632.872,43363.2872,433.63287199999996,4.33632872,0.433632872
002474.SZ,002474,榕基软件,20131227,11.17,10.39,11.24,10.08,10.43,0.74,0.0709,29966180.0,325084636.0,325084.636,32508.4636,325.084636,3.2508463599999997,0.325084636
002474.SZ,002474,榕基软件,20131220,10.43,11.21,11.39,10.23,11.27,-0.84,-0.0745,22159168.0,238673130.0,238673.13,23867.313000000002,238.67313000000001,2.3867313,0.23867313
002474.SZ,002474,榕基软件,20131213,11.27,11.24,11.47,11.0,11.23,0.04,0.0036,20139867.0,226151220.0,226151.22,22615.122,226.15122,2.2615122,0.22615122
002474.SZ,002474,榕基软件,20131206,11.23,11.9,11.9,10.54,12.31,-1.08,-0.0877,43527452.0,488876808.0,488876.808,48887.6808,488.87680800000004,4.88876808,0.488876808
002474.SZ,002474,榕基软件,20131129,12.31,12.5,13.09,12.26,12.67,-0.36,-0.0284,60922221.0,769531592.0,769531.592,76953.1592,769.5315919999999,7.69531592,0.769531592
002474.SZ,002474,榕基软件,20131122,12.67,11.92,13.13,11.58,11.45,1.22,0.1066,82804741.0,1041953160.0,1041953.16,104195.316,1041.95316,10.419531600000001,1.04195316
002474.SZ,002474,榕基软件,20131115,11.45,9.97,11.74,9.87,10.02,1.43,0.1427,29990390.0,331114539.0,331114.539,33111.4539,331.114539,3.3111453899999996,0.331114539
002474.SZ,002474,榕基软件,20131108,10.02,10.38,10.97,10.0,10.38,-0.36,-0.0347,12064558.0,127051776.0,127051.776,12705.177599999999,127.05177599999999,1.27051776,0.127051776
002474.SZ,002474,榕基软件,20131101,10.38,11.1,11.29,10.12,11.1,-0.72,-0.0649,17550273.0,185593060.0,185593.06,18559.306,185.59306,1.8559306,0.18559306
002474.SZ,002474,榕基软件,20131025,11.1,12.28,12.78,11.0,12.17,-1.07,-0.0879,29108243.0,349969792.0,349969.792,34996.9792,349.96979200000004,3.4996979200000005,0.34996979200000006
002474.SZ,002474,榕基软件,20131018,12.17,12.45,13.08,11.76,12.42,-0.25,-0.0201,33527758.0,415547128.0,415547.128,41554.7128,415.547128,4.1554712799999995,0.41554712799999993
002474.SZ,002474,榕基软件,20131011,12.42,12.42,13.3,12.29,12.26,0.16,0.0131,42235227.0,540634888.0,540634.888,54063.48880000001,540.634888,5.40634888,0.540634888
002474.SZ,002474,榕基软件,20130930,12.26,12.15,12.41,11.97,11.83,0.43,0.0363,6743875.0,82427096.0,82427.096,8242.7096,82.427096,0.8242709600000001,0.082427096
002474.SZ,002474,榕基软件,20130927,11.83,11.5,12.44,11.38,11.4,0.43,0.0377,33670524.0,405792656.0,405792.656,40579.2656,405.79265599999997,4.057926559999999,0.4057926559999999
002474.SZ,002474,榕基软件,20130918,11.4,11.38,11.7,11.23,11.5,-0.1,-0.0087,14901804.0,170948024.0,170948.024,17094.8024,170.948024,1.70948024,0.170948024
002474.SZ,002474,榕基软件,20130913,11.5,12.16,12.23,10.82,12.2,-0.7,-0.0574,40812012.0,467924928.0,467924.928,46792.4928,467.924928,4.6792492800000005,0.4679249280000001
002474.SZ,002474,榕基软件,20130906,12.2,11.6,12.49,11.36,11.6,0.6,0.0517,30070958.0,362198008.0,362198.008,36219.8008,362.19800799999996,3.6219800799999997,0.36219800799999996
002474.SZ,002474,榕基软件,20130830,11.6,12.7,13.86,11.53,12.7,-1.1,-0.0866,65926207.0,847188432.0,847188.432,84718.8432,847.188432,8.471884320000001,0.847188432
002474.SZ,002474,榕基软件,20130823,12.7,11.62,14.38,11.61,11.83,0.87,0.0735,92797358.0,1209939744.0,1209939.744,120993.97439999999,1209.939744,12.09939744,1.2099397440000002
002474.SZ,002474,榕基软件,20130816,11.83,10.91,12.38,10.71,10.96,0.87,0.0794,58738236.0,679090624.0,679090.624,67909.0624,679.0906239999999,6.790906239999999,0.6790906239999999
002474.SZ,002474,榕基软件,20130809,10.96,11.75,12.26,10.81,12.08,-1.12,-0.0927,61267925.0,713401840.0,713401.84,71340.184,713.40184,7.1340183999999995,0.71340184
002474.SZ,002474,榕基软件,20130802,12.08,10.89,12.71,10.15,11.19,0.89,0.0795,83972533.0,969735336.0,969735.336,96973.5336,969.735336,9.69735336,0.969735336
002474.SZ,002474,榕基软件,20130726,11.19,9.8,11.29,9.64,9.84,1.35,0.1372,64883402.0,685848760.0,685848.76,68584.876,685.8487600000001,6.858487600000001,0.6858487600000001
002474.SZ,002474,榕基软件,20130719,9.84,8.76,10.2,8.75,8.73,1.11,0.1271,38596938.0,364945764.0,364945.764,36494.576400000005,364.94576400000005,3.6494576400000005,0.36494576400000006
002474.SZ,002474,榕基软件,20130712,8.73,8.78,8.98,8.1,8.89,-0.16,-0.018,16772684.0,142824642.0,142824.642,14282.464199999999,142.82464199999998,1.4282464199999998,0.14282464199999997
002474.SZ,002474,榕基软件,20130705,8.89,8.31,9.28,8.2,8.3,0.59,0.0711,17932035.0,159282255.0,159282.255,15928.2255,159.282255,1.59282255,0.15928225499999998
002474.SZ,002474,榕基软件,20130628,8.3,9.07,9.1,7.75,9.12,-0.82,-0.0899,16791934.0,143550062.0,143550.062,14355.0062,143.550062,1.43550062,0.143550062
002474.SZ,002474,榕基软件,20130621,9.12,9.52,9.63,8.59,9.47,-0.35,-0.037,14694083.0,136703066.0,136703.066,13670.3066,136.703066,1.3670306600000002,0.136703066
002474.SZ,002474,榕基软件,20130614,9.47,9.66,9.66,9.19,9.74,-0.27,-0.0277,5664048.0,52919086.0,52919.086,5291.908600000001,52.91908600000001,0.52919086,0.052919086000000004
002474.SZ,002474,榕基软件,20130607,9.74,10.55,10.56,9.67,10.48,-0.74,-0.0706,24088607.0,242855568.0,242855.568,24285.5568,242.85556799999998,2.4285556799999997,0.24285556799999997
002474.SZ,002474,榕基软件,20130531,10.48,10.51,10.83,10.05,10.44,0.04,0.0038,32015308.0,332802908.0,332802.908,33280.2908,332.802908,3.32802908,0.332802908
002474.SZ,002474,榕基软件,20130524,10.44,9.48,10.58,9.48,9.45,0.99,0.1048,45637097.0,463771312.0,463771.312,46377.131199999996,463.77131199999997,4.63771312,0.463771312
002474.SZ,002474,榕基软件,20130517,9.45,9.11,9.5,9.05,9.15,0.3,0.0328,20865276.0,194298272.0,194298.272,19429.8272,194.298272,1.94298272,0.194298272
002474.SZ,002474,榕基软件,20130510,9.15,9.13,9.5,8.8,9.11,0.04,0.0044,21444600.0,196119428.0,196119.428,19611.9428,196.119428,1.96119428,0.19611942799999998
002474.SZ,002474,榕基软件,20130503,9.11,8.85,9.2,8.79,8.86,0.25,0.0282,3673418.0,33051992.0,33051.992,3305.1992,33.051992,0.33051991999999997,0.033051991999999995
002474.SZ,002474,榕基软件,20130426,8.86,9.6,9.62,8.82,10.0,-1.14,-0.114,22177623.0,205145024.0,205145.024,20514.5024,205.145024,2.05145024,0.20514502399999998
002474.SZ,002474,榕基软件,20130419,10.0,14.6,14.97,9.77,14.61,-4.61,-0.3155,8915348.0,112636217.0,112636.217,11263.6217,112.636217,1.12636217,0.112636217
002474.SZ,002474,榕基软件,20130412,14.61,14.0,14.84,13.81,14.25,0.36,0.0253,5881444.0,85277947.0,85277.947,8527.7947,85.277947,0.85277947,0.08527794699999999
002474.SZ,002474,榕基软件,20130403,14.25,14.5,15.07,14.18,14.58,-0.33,-0.0226,4391765.0,64309922.0,64309.922,6430.9922,64.309922,0.64309922,0.06430992199999999
002474.SZ,002474,榕基软件,20130329,14.58,15.47,15.78,14.58,15.57,-0.99,-0.0636,11419865.0,174116900.0,174116.9,17411.69,174.1169,1.741169,0.1741169
002474.SZ,002474,榕基软件,20130322,15.57,14.5,15.8,14.24,14.55,1.02,0.0701,16861747.0,253920554.0,253920.554,25392.0554,253.920554,2.53920554,0.253920554
002474.SZ,002474,榕基软件,20130315,14.55,15.44,15.9,14.52,15.47,-0.92,-0.0595,12547269.0,189199196.0,189199.196,18919.9196,189.199196,1.89199196,0.189199196
002474.SZ,002474,榕基软件,20130308,15.47,15.83,16.33,14.95,16.02,-0.55,-0.0343,23991925.0,376674144.0,376674.144,37667.414399999994,376.67414399999996,3.7667414399999997,0.376674144
002474.SZ,002474,榕基软件,20130301,16.02,15.55,16.86,14.79,15.5,0.52,0.0335,42463853.0,673001920.0,673001.92,67300.19200000001,673.0019200000002,6.730019200000002,0.6730019200000001
002474.SZ,002474,榕基软件,20130222,15.5,15.59,15.97,15.19,15.46,0.04,0.0026,20430628.0,319208784.0,319208.784,31920.878399999998,319.208784,3.1920878399999997,0.31920878399999997
002474.SZ,002474,榕基软件,20130208,15.46,14.76,15.52,14.48,14.77,0.69,0.0467,15964159.0,241230948.0,241230.948,24123.0948,241.23094799999998,2.41230948,0.24123094799999997
002474.SZ,002474,榕基软件,20130201,14.77,14.36,15.35,14.36,14.31,0.46,0.0321,16196774.0,239837684.0,239837.684,23983.7684,239.837684,2.39837684,0.239837684
002474.SZ,002474,榕基软件,20130125,14.31,15.66,15.76,14.2,15.66,-1.35,-0.0862,22009916.0,333271916.0,333271.916,33327.191600000006,333.27191600000003,3.3327191600000003,0.33327191600000006
002474.SZ,002474,榕基软件,20130118,15.66,14.81,16.2,14.81,15.0,0.66,0.044,26299689.0,409822608.0,409822.608,40982.260800000004,409.82260800000006,4.098226080000001,0.4098226080000001
002474.SZ,002474,榕基软件,20130111,15.0,14.03,15.69,14.02,14.15,0.85,0.0601,27826021.0,416228344.0,416228.344,41622.8344,416.228344,4.1622834399999995,0.416228344
002474.SZ,002474,榕基软件,20130104,14.15,14.4,14.6,14.1,14.34,-0.19,-0.0132,5329496.0,76331552.0,76331.552,7633.155199999999,76.33155199999999,0.7633155199999999,0.076331552
002474.SZ,002474,榕基软件,20121228,14.34,13.86,14.92,13.72,13.9,0.44,0.0317,16094241.0,231607112.0,231607.112,23160.711199999998,231.60711199999997,2.3160711199999997,0.23160711199999998
002474.SZ,002474,榕基软件,20121221,13.9,13.85,14.17,13.53,13.78,0.12,0.0087,9897361.0,136692410.0,136692.41,13669.241,136.69241,1.3669240999999999,0.13669241
002474.SZ,002474,榕基软件,20121214,13.78,12.95,13.84,12.92,12.95,0.83,0.0641,12997785.0,174544718.0,174544.718,17454.4718,174.544718,1.74544718,0.174544718
002474.SZ,002474,榕基软件,20121207,12.95,12.23,13.02,11.55,12.2,0.75,0.0615,11610219.0,145257179.0,145257.179,14525.7179,145.257179,1.4525717900000001,0.14525717900000001
002474.SZ,002474,榕基软件,20121130,12.2,13.5,13.53,12.0,13.5,-1.3,-0.0963,3758977.0,47413746.0,47413.746,4741.3746,47.413746,0.47413746,0.047413746
002474.SZ,002474,榕基软件,20121123,13.5,13.46,14.01,13.18,13.41,0.09,0.0067,5727819.0,78531342.0,78531.342,7853.1342,78.53134200000001,0.78531342,0.078531342
002474.SZ,002474,榕基软件,20121116,13.41,13.93,14.26,13.2,13.79,-0.38,-0.0276,6121174.0,84250015.0,84250.015,8425.0015,84.250015,0.84250015,0.084250015
002474.SZ,002474,榕基软件,20121109,13.79,14.79,15.0,13.76,14.89,-1.1,-0.0739,7817277.0,112938558.0,112938.558,11293.855800000001,112.93855800000001,1.1293855800000001,0.11293855800000001
002474.SZ,002474,榕基软件,20121102,14.89,14.65,15.1,14.49,14.8,0.09,0.0061,12492643.0,184987990.0,184987.99,18498.799,184.98799,1.8498799,0.18498799
002474.SZ,002474,榕基软件,20121026,14.8,16.86,17.04,14.76,17.15,-2.35,-0.137,11380753.0,182624310.0,182624.31,18262.431,182.62431,1.8262431000000001,0.18262431
002474.SZ,002474,榕基软件,20121019,17.15,17.21,17.4,16.18,17.06,0.09,0.0053,11870257.0,196840368.0,196840.368,19684.036799999998,196.84036799999998,1.9684036799999998,0.196840368
002474.SZ,002474,榕基软件,20121012,17.06,17.0,17.86,16.8,16.95,0.11,0.0065,5715335.0,99549311.0,99549.311,9954.9311,99.549311,0.9954931100000001,0.099549311
002474.SZ,002474,榕基软件,20120928,16.95,17.98,18.36,16.0,18.09,-1.14,-0.063,9746454.0,165901626.0,165901.626,16590.1626,165.901626,1.65901626,0.165901626
002474.SZ,002474,榕基软件,20120921,18.09,19.63,19.63,18.08,19.38,-1.29,-0.0666,5864703.0,109714076.0,109714.076,10971.4076,109.714076,1.09714076,0.10971407600000001
002474.SZ,002474,榕基软件,20120914,19.38,19.7,20.05,19.1,19.64,-0.26,-0.0132,9734324.0,191363044.0,191363.044,19136.3044,191.363044,1.91363044,0.19136304399999998
002474.SZ,002474,榕基软件,20120907,19.64,18.12,20.1,18.12,18.28,1.36,0.0744,8606379.0,165591100.0,165591.1,16559.11,165.5911,1.6559110000000001,0.16559110000000002
002474.SZ,002474,榕基软件,20120831,18.28,19.0,19.8,18.04,19.03,-0.75,-0.0394,8387696.0,157870300.0,157870.3,15787.029999999999,157.8703,1.578703,0.1578703
002474.SZ,002474,榕基软件,20120824,19.03,19.52,20.3,18.91,19.51,-0.48,-0.0246,13592514.0,268201988.0,268201.988,26820.198800000002,268.20198800000003,2.6820198800000004,0.26820198800000006
002474.SZ,002474,榕基软件,20120817,19.51,19.21,19.58,18.38,19.43,0.08,0.0041,10684379.0,204126758.0,204126.758,20412.6758,204.126758,2.04126758,0.204126758
002474.SZ,002474,榕基软件,20120810,19.43,18.07,19.61,17.81,18.16,1.27,0.0699,14429901.0,274525280.0,274525.28,27452.528000000002,274.52528,2.7452528000000003,0.27452528000000004
002474.SZ,002474,榕基软件,20120803,18.16,17.98,18.23,17.28,18.0,0.16,0.0089,11117181.0,196949232.0,196949.232,19694.923199999997,196.94923199999997,1.9694923199999996,0.19694923199999997
002474.SZ,002474,榕基软件,20120727,18.0,18.9,19.27,17.85,19.12,-1.12,-0.0586,7116379.0,133519904.0,133519.904,13351.9904,133.519904,1.33519904,0.133519904
002474.SZ,002474,榕基软件,20120720,19.12,20.6,20.7,17.81,20.66,-1.54,-0.0745,17020688.0,320500660.0,320500.66,32050.066,320.50066,3.2050066,0.32050066
002474.SZ,002474,榕基软件,20120713,20.66,20.44,21.23,19.29,20.52,0.14,0.0068,13207191.0,269227968.0,269227.968,26922.7968,269.227968,2.69227968,0.269227968
002474.SZ,002474,榕基软件,20120706,20.52,21.0,21.56,19.85,20.99,-0.47,-0.0224,17162977.0,354731520.0,354731.52,35473.152,354.73152000000005,3.5473152000000003,0.35473152
002474.SZ,002474,榕基软件,20120629,20.99,18.58,21.18,18.25,18.75,2.24,0.1195,20689811.0,409866600.0,409866.6,40986.659999999996,409.86659999999995,4.098666,0.40986659999999997
002474.SZ,002474,榕基软件,20120621,18.75,18.15,19.06,18.0,18.03,0.72,0.0399,13950584.0,259062718.0,259062.718,25906.2718,259.06271799999996,2.59062718,0.25906271799999997
002474.SZ,002474,榕基软件,20120615,18.03,17.2,18.43,17.13,17.13,0.9,0.0525,8280532.0,148509620.0,148509.62,14850.962,148.50961999999998,1.4850961999999999,0.14850961999999998
002474.SZ,002474,榕基软件,20120608,17.13,18.0,18.41,17.03,18.42,-1.29,-0.07,9761840.0,173598890.0,173598.89,17359.889000000003,173.59889000000004,1.7359889000000004,0.17359889000000003
002474.SZ,002474,榕基软件,20120601,18.42,17.2,18.45,17.0,17.0,1.42,0.0835,16235820.0,291541944.0,291541.944,29154.1944,291.541944,2.91541944,0.291541944
002474.SZ,002474,榕基软件,20120525,17.0,16.9,17.62,16.6,16.9,0.1,0.0059,6377613.0,109145055.0,109145.055,10914.5055,109.145055,1.09145055,0.109145055
002474.SZ,002474,榕基软件,20120518,16.9,18.2,18.23,16.7,17.96,-1.06,-0.059,9780059.0,167967406.0,167967.406,16796.740599999997,167.96740599999998,1.6796740599999997,0.16796740599999999
002474.SZ,002474,榕基软件,20120511,17.96,18.11,19.2,17.93,18.35,-0.39,-0.0213,16108517.0,297167708.0,297167.708,29716.7708,297.167708,2.97167708,0.29716770800000003
002474.SZ,002474,榕基软件,20120504,18.35,18.0,18.57,17.7,17.76,0.59,0.0332,7170871.0,129695684.0,129695.684,12969.5684,129.695684,1.29695684,0.129695684
002474.SZ,002474,榕基软件,20120427,17.76,36.7,37.0,16.7,36.44,-18.68,-0.5126,8097949.0,171030010.0,171030.01,17103.001,171.03001,1.7103001,0.17103001
002474.SZ,002474,榕基软件,20120420,36.44,34.73,36.49,34.5,34.99,1.45,0.0414,7291929.0,260898924.0,260898.924,26089.8924,260.898924,2.60898924,0.26089892400000003
002474.SZ,002474,榕基软件,20120413,34.99,35.63,35.65,32.9,35.63,-0.64,-0.018,6821485.0,233579972.0,233579.972,23357.9972,233.57997200000003,2.3357997200000002,0.23357997200000002
002474.SZ,002474,榕基软件,20120406,35.63,34.1,36.21,33.7,33.95,1.68,0.0495,3000573.0,105499048.0,105499.048,10549.9048,105.499048,1.05499048,0.10549904800000001
002474.SZ,002474,榕基软件,20120330,33.95,37.7,38.8,33.6,37.76,-3.81,-0.1009,4784597.0,172200426.0,172200.426,17220.0426,172.200426,1.7220042599999998,0.172200426
002474.SZ,002474,榕基软件,20120323,37.76,42.3,42.78,37.25,41.95,-4.19,-0.0999,8407376.0,331774376.0,331774.376,33177.4376,331.77437599999996,3.3177437599999995,0.3317743759999999
002474.SZ,002474,榕基软件,20120316,41.95,40.57,42.35,38.9,40.65,1.3,0.032,6340125.0,258637486.0,258637.486,25863.7486,258.63748599999997,2.58637486,0.25863748599999997
002474.SZ,002474,榕基软件,20120309,40.65,37.78,40.65,37.7,37.72,2.93,0.0777,6692113.0,260506306.0,260506.306,26050.6306,260.506306,2.60506306,0.260506306
002474.SZ,002474,榕基软件,20120302,37.72,38.28,38.83,36.3,38.28,-0.56,-0.0146,4853781.0,181473596.0,181473.596,18147.3596,181.473596,1.81473596,0.181473596
002474.SZ,002474,榕基软件,20120224,38.28,37.0,38.7,36.06,36.8,1.48,0.0402,2865762.0,107848877.0,107848.877,10784.8877,107.84887699999999,1.0784887699999999,0.10784887699999998
002474.SZ,002474,榕基软件,20120217,36.8,35.8,37.45,35.55,35.8,1.0,0.0279,3005899.0,110688568.0,110688.568,11068.8568,110.68856799999999,1.10688568,0.110688568
002474.SZ,002474,榕基软件,20120210,35.8,34.45,36.5,33.69,34.16,1.64,0.048,3364996.0,119373960.0,119373.96,11937.396,119.37396000000001,1.1937396,0.11937396
002474.SZ,002474,榕基软件,20120203,34.16,31.65,34.5,31.01,31.19,2.97,0.0952,2721957.0,89546630.0,89546.63,8954.663,89.54663000000001,0.8954663,0.08954663
002474.SZ,002474,榕基软件,20120120,31.19,33.5,33.5,28.9,33.9,-2.71,-0.0799,4952381.0,156577428.0,156577.428,15657.742800000002,156.57742800000003,1.5657742800000003,0.15657742800000002
002474.SZ,002474,榕基软件,20120113,33.9,31.97,36.89,30.8,32.0,1.9,0.0594,4140837.0,142370020.0,142370.02,14237.001999999999,142.37001999999998,1.4237001999999999,0.14237001999999999
002474.SZ,002474,榕基软件,20120106,32.0,39.02,39.55,31.01,39.0,-7.0,-0.1795,2614059.0,88215472.0,88215.472,8821.547199999999,88.21547199999999,0.88215472,0.08821547199999999
002474.SZ,002474,榕基软件,20111230,39.0,40.4,41.29,36.11,40.9,-1.9,-0.0465,2900696.0,111578279.0,111578.279,11157.8279,111.57827900000001,1.1157827900000001,0.11157827900000002
002474.SZ,002474,榕基软件,20111223,40.9,41.06,42.78,38.99,41.5,-0.6,-0.0145,2811368.0,116378475.0,116378.475,11637.8475,116.378475,1.16378475,0.11637847500000001
002474.SZ,002474,榕基软件,20111216,41.5,42.6,43.47,40.51,43.12,-1.62,-0.0376,2527807.0,105482201.0,105482.201,10548.2201,105.482201,1.05482201,0.10548220100000001
002474.SZ,002474,榕基软件,20111209,43.12,42.5,44.0,40.77,42.73,0.39,0.0091,2275314.0,96465820.0,96465.82,9646.582,96.46582000000001,0.9646582000000001,0.09646582000000001
002474.SZ,002474,榕基软件,20111202,42.73,43.71,44.58,40.7,43.66,-0.93,-0.0213,5134263.0,220118664.0,220118.664,22011.8664,220.118664,2.20118664,0.220118664
002474.SZ,002474,榕基软件,20111125,43.66,42.8,44.44,41.89,42.8,0.86,0.0201,4249857.0,183273554.0,183273.554,18327.3554,183.273554,1.8327355399999998,0.18327355399999998
002474.SZ,002474,榕基软件,20111118,42.8,43.01,45.85,42.5,42.4,0.4,0.0094,8933124.0,394687204.0,394687.204,39468.720400000006,394.68720400000007,3.9468720400000006,0.39468720400000007
002474.SZ,002474,榕基软件,20111111,42.4,43.3,44.19,41.1,42.9,-0.5,-0.0117,15969127.0,682067072.0,682067.072,68206.7072,682.067072,6.820670720000001,0.682067072
002474.SZ,002474,榕基软件,20111104,42.9,39.0,44.8,38.36,39.0,3.9,0.1,17136764.0,723620120.0,723620.12,72362.012,723.62012,7.2362012,0.72362012
002474.SZ,002474,榕基软件,20111028,39.0,37.7,39.51,36.68,37.9,1.1,0.029,2726030.0,105072127.0,105072.127,10507.2127,105.072127,1.05072127,0.10507212699999999
002474.SZ,002474,榕基软件,20111021,37.9,38.44,38.86,37.61,38.14,-0.24,-0.0063,1686958.0,64708659.0,64708.659,6470.8659,64.708659,0.64708659,0.064708659
002474.SZ,002474,榕基软件,20111014,38.14,35.85,38.5,35.3,35.57,2.57,0.0723,1568029.0,58289798.0,58289.798,5828.9798,58.289798,0.5828979799999999,0.05828979799999999
002474.SZ,002474,榕基软件,20110930,35.57,37.88,38.17,34.8,37.55,-1.98,-0.0527,1405140.0,51229957.0,51229.957,5122.9957,51.229957000000006,0.51229957,0.051229957000000007
002474.SZ,002474,榕基软件,20110923,37.55,37.89,39.27,37.02,37.9,-0.35,-0.0092,1389203.0,53056262.0,53056.262,5305.626200000001,53.056262000000004,0.53056262,0.053056262
002474.SZ,002474,榕基软件,20110916,37.9,38.8,39.16,36.5,39.16,-1.26,-0.0322,1568238.0,59169607.0,59169.607,5916.9607000000005,59.169607000000006,0.59169607,0.059169607
002474.SZ,002474,榕基软件,20110909,39.16,40.0,40.86,39.02,40.39,-1.23,-0.0305,1897250.0,75998662.0,75998.662,7599.8661999999995,75.998662,0.75998662,0.075998662
002474.SZ,002474,榕基软件,20110902,40.39,42.23,43.49,39.76,42.63,-2.24,-0.0525,3506587.0,146115760.0,146115.76,14611.576000000001,146.11576000000002,1.4611576000000002,0.14611576
002474.SZ,002474,榕基软件,20110826,42.63,41.2,43.45,40.82,41.91,0.72,0.0172,5329207.0,225132860.0,225132.86,22513.286,225.13286,2.2513286,0.22513286
002474.SZ,002474,榕基软件,20110819,41.91,40.76,41.91,39.73,40.56,1.35,0.0333,3130251.0,128672782.0,128672.782,12867.2782,128.672782,1.28672782,0.128672782
002474.SZ,002474,榕基软件,20110812,40.56,39.18,41.3,37.53,39.64,0.92,0.0232,2452592.0,96636931.0,96636.931,9663.6931,96.636931,0.96636931,0.09663693100000001
002474.SZ,002474,榕基软件,20110805,39.64,40.6,41.26,37.97,40.76,-1.12,-0.0275,1890428.0,75205766.0,75205.766,7520.5766,75.205766,0.75205766,0.075205766
002474.SZ,002474,榕基软件,20110729,40.76,40.03,41.41,38.78,40.38,0.38,0.0094,2536049.0,101751768.0,101751.768,10175.1768,101.751768,1.01751768,0.101751768
002474.SZ,002474,榕基软件,20110722,40.38,41.33,42.35,39.9,41.27,-0.89,-0.0216,3074159.0,126283882.0,126283.882,12628.3882,126.28388199999999,1.2628388199999998,0.126283882
002474.SZ,002474,榕基软件,20110715,41.27,39.4,41.87,39.0,39.6,1.67,0.0422,3005196.0,121573949.0,121573.949,12157.3949,121.573949,1.21573949,0.121573949
002474.SZ,002474,榕基软件,20110708,39.6,39.4,40.53,38.9,39.01,0.59,0.0151,3330111.0,132159166.0,132159.166,13215.9166,132.159166,1.32159166,0.132159166
002474.SZ,002474,榕基软件,20110701,39.01,37.89,40.55,37.68,37.75,1.26,0.0334,2733500.0,106266850.0,106266.85,10626.685000000001,106.26685000000002,1.0626685000000002,0.10626685000000002
002474.SZ,002474,榕基软件,20110624,37.75,36.9,37.88,35.7,36.9,0.85,0.023,1290817.0,47425163.0,47425.163,4742.5163,47.425163000000005,0.47425163000000004,0.047425163000000006
002474.SZ,002474,榕基软件,20110617,36.9,37.5,38.44,36.9,37.42,-0.52,-0.0139,916424.0,34628884.0,34628.884,3462.8884,34.628884,0.34628884,0.034628884
002474.SZ,002474,榕基软件,20110610,37.42,38.19,38.19,37.0,38.08,-0.66,-0.0173,746032.0,28031902.0,28031.902,2803.1902,28.031902,0.28031902,0.028031901999999997
002474.SZ,002474,榕基软件,20110603,38.08,36.63,38.58,36.5,36.8,1.28,0.0348,1392967.0,52281778.0,52281.778,5228.1777999999995,52.281777999999996,0.52281778,0.052281778
002474.SZ,002474,榕基软件,20110527,36.8,39.53,39.53,36.4,39.66,-2.86,-0.0721,2177888.0,81324506.0,81324.506,8132.450599999999,81.32450599999999,0.8132450599999999,0.08132450599999999
002474.SZ,002474,榕基软件,20110520,39.66,39.13,40.55,38.38,39.15,0.51,0.013,1649234.0,65112719.0,65112.719,6511.2719,65.112719,0.65112719,0.065112719
002474.SZ,002474,榕基软件,20110513,39.15,39.7,41.29,38.0,40.01,-0.86,-0.0215,2183351.0,86871269.0,86871.269,8687.1269,86.871269,0.86871269,0.086871269
002474.SZ,002474,榕基软件,20110506,40.01,39.23,40.21,37.75,39.41,0.6,0.0152,2251842.0,87976827.0,87976.827,8797.682700000001,87.97682700000001,0.8797682700000001,0.08797682700000001
002474.SZ,002474,榕基软件,20110429,39.41,42.32,43.15,38.62,41.31,-1.9,-0.046,5726571.0,238892818.0,238892.818,23889.2818,238.892818,2.38892818,0.238892818
002474.SZ,002474,榕基软件,20110422,41.31,38.15,42.39,37.5,38.32,2.99,0.078,3876085.0,155341037.0,155341.037,15534.103700000001,155.34103700000003,1.5534103700000004,0.15534103700000004
002474.SZ,002474,榕基软件,20110415,38.32,39.38,39.5,38.0,39.13,-0.81,-0.0207,2806608.0,108496185.0,108496.185,10849.6185,108.49618500000001,1.08496185,0.108496185
002474.SZ,002474,榕基软件,20110408,39.13,38.63,39.45,37.53,38.9,0.23,0.0059,2117644.0,81048224.0,81048.224,8104.8224,81.048224,0.81048224,0.081048224
002474.SZ,002474,榕基软件,20110401,38.9,43.6,43.6,38.1,44.15,-5.25,-0.1189,4250685.0,169492898.0,169492.898,16949.2898,169.492898,1.69492898,0.169492898
002474.SZ,002474,榕基软件,20110325,44.15,44.55,45.34,43.0,44.55,-0.4,-0.009,2469683.0,108450074.0,108450.074,10845.007399999999,108.45007399999999,1.08450074,0.108450074
002474.SZ,002474,榕基软件,20110318,44.55,44.45,45.99,43.94,44.66,-0.11,-0.0025,3690521.0,166037257.0,166037.257,16603.725700000003,166.03725700000004,1.6603725700000005,0.16603725700000005
002474.SZ,002474,榕基软件,20110311,44.66,42.89,44.92,42.58,42.95,1.71,0.0398,3758794.0,165361758.0,165361.758,16536.1758,165.361758,1.6536175800000001,0.16536175800000003
002474.SZ,002474,榕基软件,20110304,42.95,44.35,44.99,42.01,44.29,-1.34,-0.0303,3842567.0,168467118.0,168467.118,16846.711799999997,168.46711799999997,1.6846711799999996,0.16846711799999997
002474.SZ,002474,榕基软件,20110225,44.29,43.49,45.17,42.5,43.8,0.49,0.0112,4505512.0,197365994.0,197365.994,19736.5994,197.365994,1.9736599400000001,0.19736599400000002
002474.SZ,002474,榕基软件,20110218,43.8,43.56,45.37,43.56,43.49,0.31,0.0071,4390896.0,194651454.0,194651.454,19465.1454,194.651454,1.94651454,0.194651454
002474.SZ,002474,榕基软件,20110211,43.49,41.68,43.66,41.25,41.7,1.79,0.0429,2693181.0,114885786.0,114885.786,11488.578599999999,114.885786,1.14885786,0.11488578599999999
002474.SZ,002474,榕基软件,20110201,41.7,41.89,42.2,41.31,41.93,-0.23,-0.0055,1291166.0,53844992.0,53844.992,5384.4992,53.844992000000005,0.53844992,0.053844992
002474.SZ,002474,榕基软件,20110128,41.93,42.69,42.86,39.26,42.69,-0.76,-0.0178,3472457.0,141459850.0,141459.85,14145.985,141.45985000000002,1.4145985,0.14145985
002474.SZ,002474,榕基软件,20110121,42.69,43.65,44.09,41.33,43.92,-1.23,-0.028,2757939.0,117605293.0,117605.293,11760.5293,117.605293,1.17605293,0.117605293
002474.SZ,002474,榕基软件,20110114,43.92,46.58,47.0,43.68,47.74,-3.82,-0.08,4016225.0,181695624.0,181695.624,18169.562400000003,181.69562400000004,1.8169562400000003,0.18169562400000003
002474.SZ,002474,榕基软件,20110107,47.74,49.81,50.6,47.5,49.5,-1.76,-0.0356,4181344.0,205159744.0,205159.744,20515.9744,205.159744,2.05159744,0.205159744
002474.SZ,002474,榕基软件,20101231,49.5,48.8,50.1,46.63,48.6,0.9,0.0185,5188978.0,253110820.0,253110.82,25311.082000000002,253.11082000000002,2.5311082000000003,0.25311082
002474.SZ,002474,榕基软件,20101224,48.6,54.02,54.96,47.98,53.95,-5.35,-0.0992,6261009.0,323157980.0,323157.98,32315.798,323.15798,3.2315798,0.32315798
002474.SZ,002474,榕基软件,20101217,53.95,50.6,54.3,50.6,50.38,3.57,0.0709,8313165.0,439419480.0,439419.48,43941.948,439.41947999999996,4.394194799999999,0.4394194799999999
002474.SZ,002474,榕基软件,20101210,50.38,51.7,51.88,47.91,52.6,-2.22,-0.0422,5070781.0,253219756.0,253219.756,25321.975599999998,253.219756,2.5321975599999997,0.25321975599999996
002474.SZ,002474,榕基软件,20101203,52.6,52.6,55.85,51.81,52.37,0.23,0.0044,7192558.0,386485512.0,386485.512,38648.5512,386.485512,3.86485512,0.38648551200000003
002474.SZ,002474,榕基软件,20101126,52.37,51.29,54.49,50.6,51.28,1.09,0.0213,9127100.0,480346464.0,480346.464,48034.6464,480.34646399999997,4.80346464,0.480346464
002474.SZ,002474,榕基软件,20101119,51.28,49.69,52.98,45.42,48.79,2.49,0.051,11792502.0,586711792.0,586711.792,58671.1792,586.711792,5.867117919999999,0.5867117919999999
002474.SZ,002474,榕基软件,20101112,48.79,48.7,55.4,47.62,48.23,0.56,0.0116,13002497.0,670940552.0,670940.552,67094.0552,670.940552,6.709405520000001,0.670940552
002474.SZ,002474,榕基软件,20101105,48.23,45.18,48.29,42.66,45.08,3.15,0.0699,11754432.0,532206696.0,532206.696,53220.6696,532.206696,5.32206696,0.532206696
002474.SZ,002474,榕基软件,20101029,45.08,42.58,46.34,42.01,41.27,3.81,0.0923,12021903.0,531931504.0,531931.504,53193.1504,531.931504,5.31931504,0.531931504
002474.SZ,002474,榕基软件,20101022,41.27,38.0,41.67,36.05,38.21,3.06,0.0801,8663980.0,338974832.0,338974.832,33897.4832,338.97483200000005,3.3897483200000007,0.33897483200000006
002474.SZ,002474,榕基软件,20101015,38.21,41.02,42.34,38.08,41.67,-3.46,-0.083,7061479.0,283918872.0,283918.872,28391.887199999997,283.91887199999996,2.8391887199999997,0.283918872
002474.SZ,002474,榕基软件,20101008,41.67,41.39,41.99,40.98,41.26,0.41,0.0099,1243005.0,51783220.0,51783.22,5178.322,51.78322,0.5178322,0.05178322
002474.SZ,002474,榕基软件,20100930,41.26,41.01,42.34,38.8,41.16,0.1,0.0024,5958330.0,244489204.0,244489.204,24448.9204,244.489204,2.44489204,0.24448920400000002
002474.SZ,002474,榕基软件,20100921,41.16,43.66,44.44,40.0,42.93,-1.77,-0.0412,5094814.0,216179592.0,216179.592,21617.9592,216.179592,2.1617959200000003,0.21617959200000003
002474.SZ,002474,榕基软件,20100917,42.93,48.01,49.88,42.28,37.0,5.93,0.1603,28405521.0,1332404960.0,1332404.96,133240.49599999998,1332.4049599999998,13.324049599999999,1.3324049599999999
